ds_id,date_added,date_last_updated,source_type,holding_institution,holding_institution_as_recorded,holding_institution_id_number,link_to_holding_institution_record,iiif_manifest,production_place_as_recorded,production_place,production_date_as_recorded,production_date,century,dated,uniform_title,uniform_title_as_recorded,uniform_title_agr,title_as_recorded_245,title_as_recorded_245_agr,genre_as_recorded,genre,subject_as_recorded,subject,author_as_recorded,author_as_recorded_agr,author,artist_as_recorded,artist_as_recorded_agr,artist,scribe_as_recorded,scribe_as_recorded_agr,scribe,language_as_recorded,language,former_owner_as_recorded,former_owner_as_recorded_agr,former_owner,material,material_placeholder,physical_description,acknowledgements,data_processed_at,data_source_modified
,,,marc-xml,Q49117,University of Pennsylvania,Ms. Codex 21|9914691793503681,https://franklin.library.upenn.edu/catalog/FRANKLIN_9914691793503681,,"[North Africa],",,between A.H. 1268 (1851) and 1276 (1859),1851-1859,http://vocab.getty.edu/aat/300404513,,,"","",al-Fatḥ al-rabbānī fīmā dhahala ʻanhu al-Zurqānī.,الفتح الرباني فيما ذهل عنه الزرقاني.,"Manuscripts, Arabic--19th century.|Codices (bound manuscripts)|Commentaries.",,"Zurqānī, ʻAbd al-Bāqī ibn Yūsuf,--1611-1688.--Sharḥ Mukhtaṣar Khalīl.|Khalīl ibn Isḥāq al-Jundī,---1365?--Mukhtaṣar.|Islamic law--Early works to 1800.|Malikites--Early works to 1800.|Islamic law.|Malikites.",,"Bannānī, Muḥammad ibn al-Ḥasan, 1720 or 1721-1780.",بناني، محمد بن الحسن، 1720 أو 1721-1780.,,"","",,"Bannānī, Muḥammad ibn Aḥmad ibn Ṣāliḥ,",بناني، محمد احمد بن صالح.,,Arabic.,ara,"Jastrow, Marcus, 1829-1903,|Jastrow, Morris, Jr., 1861-1921,",|,,,paper ;,"Extent: 4 volumes (221, 162, 248, 269 leaves) : paper ; v. 1-3: 220 x 175 (160 x 105) mm bound to 220 x 175 mm; v. 4: 195 x 150 (135 x 95) mm.",,2022-02-08T17:47:37-05:00,2019-04-10
,,,marc-xml,Q49117,University of Pennsylvania,Ms. Codex 23|9914691813503681,https://franklin.library.upenn.edu/catalog/FRANKLIN_9914691813503681,,"[North Africa?],",,[17--?],1700-1799,http://vocab.getty.edu/aat/300404512,,,"","",Sharḥ Mukhtaṣar ʻalá Alfīyat Ibn Mālik.,شرح مختصر على ألفية ابن مالك.,"Manuscripts, Arabic--18th century.|Codices (bound manuscripts)|Commentaries.|Tables (documents)|Onlays.|Envelope flaps (features)",,"Ibn Mālik, Muḥammad ibn ʻAbd Allāh,---1274.--Alfīyah.|Arabic language--Grammar--Early works to 1800.|Arabic language--Grammar.",,"Makkūdī, ʻAbd al-Raḥmān ibn ʻAlī, -1404 or 1405.",مكودي، عبد الرحمن بن علي، -1404 أو  1405.,,"","",,"","",,Arabic.,ara,"Jastrow, Marcus, 1829-1903,|Jastrow, Morris, Jr., 1861-1921,",|,,,"paper, illustrations ;","Extent: 168 leaves : paper, illustrations ; 205 x 150 (150 x 100) mm bound to 203 x 160 mm.",,2022-02-08T17:47:37-05:00,2021-09-29
,,,marc-xml,Q49117,University of Pennsylvania,Ms. Codex 24|9914691823503681,https://franklin.library.upenn.edu/catalog/FRANKLIN_9914691823503681,,"",,[between 1750 and 1850?],1750-1850,http://vocab.getty.edu/aat/300404512-http://vocab.getty.edu/aat/300404513,,,Qurʼan.,قرآن.,al-Juzʼ al-thalāthūn.,الجزء الثلاثون.,"Manuscripts, Arabic--18th century.|Manuscripts, Arabic--19th century.|Codices (bound manuscripts)|Qurʼans.|Blind tooled (decoration)|Envelope flaps (features)",,"",,"","",,"","",,"","",,Arabic.,ara,"Brecher, Adolf,|Jastrow, Morris, Jr., 1861-1921,",|,,,paper ;,Extent: 24 leaves : paper ; 205 x 140 (150 x 80) mm bound to 205 x 145 mm.,,2022-02-08T17:47:37-05:00,2021-09-29
,,,marc-xml,Q49117,University of Pennsylvania,Oversize Ms. Codex 25|9914691833503681,https://franklin.library.upenn.edu/catalog/FRANKLIN_9914691833503681,,"[North Africa?] ,",,"",1419,http://vocab.getty.edu/aat/300404465,,,Tanbīh al-ghāfilīn.,تنبيه الغافلين.,Tanbīh al-ghāfilīn wa-īḍāḥ sabīl al-murshidīn.,تنبيه الغافلين وايضاح سبيل المرشدين.,"Manuscripts, Arabic--17th century.|Manuscripts, Arabic--18th century.|Codices (bound manuscripts)|Blind tooled (decoration)|Envelope flaps (features)",,Religious ethics--Early works to 1800.|Religious life--Islam--Early works to 1800.|Islamic ethics--Early works to 1800.|Islam--Doctrines--Early works to 1800.|Ethics.,,"Abū al-Layth al-Samarqandī, Naṣr ibn Muḥammad, -983?.",ابو الليث السمرقندي، نصر بن محمد، -983؟,,"","",,"","",,Arabic.,ara,"Jastrow, Marcus, 1829-1903,|Jastrow, Morris, Jr., 1861-1921,",|,,,paper ;,"Extent: 142 leaves, unbound : paper ; 270 x 205 (195 x 160) mm bound to 270 x 215 mm.",,2022-02-08T17:47:37-05:00,2021-09-29
,,,marc-xml,Q49117,University of Pennsylvania,Oversize Ms. Codex 28|9914691863503681,https://franklin.library.upenn.edu/catalog/FRANKLIN_9914691863503681,,"[China?],",,[between 1750 and 1899?],1750-1899,http://vocab.getty.edu/aat/300404512-http://vocab.getty.edu/aat/300404513,,,"","",Tarjumah-ʼi khuṭab-i arbaʻīn.,ترجمۀ خطب اربعین.,"Early works.|Commentaries.|Manuscripts, Persian--18th century.|Manuscripts, Persian--19th century.|Codices (bound manuscripts)|Criticism, interpretation, etc.",,"Hadith--Commentaries--Early works to 1800.|Hadith--Criticism, interpretation, etc.--Early works to 1800.|Hadith.",,"","",,"","",,"","",,Persian with source-text in Arabic; some glosses and notes in Chinese.,per|chi,"","",,,paper ;,"Extent: 174 leaves, chiefly unbound : paper ; 286 x 200 (210 x 150) mm bound to 290 x 210 mm.",,2022-02-08T17:47:37-05:00,2021-09-29
,,,marc-xml,Q49117,University of Pennsylvania,Ms. Codex 40|9914696393503681,https://franklin.library.upenn.edu/catalog/FRANKLIN_9914696393503681,,"[North Africa?],",,[ca. 1811],1811,http://vocab.getty.edu/aat/300404513,,,"","",al-Fatḥ al-rabbānī fīmā dhahala ʻanhu al-Zurqānī.,الفتح الرباني فيما ذهل عنه الزرقاني.,"Manuscripts, Arabic--19th century.|Codices (bound manuscripts)|Commentaries.",,"Zurqānī, ʻAbd al-Bāqī ibn Yūsuf,--1611-1688.--Sharḥ Mukhtaṣar Khalīl.|Khalīl ibn Isḥāq al-Jundī,---1365?--Mukhtaṣar.|Islamic law--Early works to 1800.|Malikites--Early works to 1800.|Islamic law.|Malikites.",,"Bannānī, Muḥammad ibn al-Ḥasan, 1720 or 1721-1780.",بناني، محمد بن الحسن، 1720 أو 1721-1780.,,"","",,"","",,Arabic.,ara,"","",,,paper ;,Extent: 201 leaves : paper ; 205 x 150 (145 x 95) mm bound to 206 x 160 mm.,,2022-02-08T17:47:37-05:00,2021-09-29
,,,marc-xml,Q49117,University of Pennsylvania,Ms. Codex 41|9914696403503681,https://franklin.library.upenn.edu/catalog/FRANKLIN_9914696403503681,,"",,A.H. 986 (1578),1578,http://vocab.getty.edu/aat/300404510,,,"","",Taḥrīr al-qawāʻid al-manṭiqīyah fī sharḥ al-Risālah al-Shamsīyah.,تحرير القواعد المنطقية في شرح الرسالة الشمسية.,"Manuscripts, Arabic--16th century.|Codices (bound manuscripts)|Commentaries.|Tables (documents)|Criticism, interpretation, etc.|Early works.",,"Qazwīnī, ʻAlī ibn ʻUmar,--1203 or 1204-1276 or 1277.--Shamsīyah.|Logic--Early works to 1800.|Logic.",,"Quṭb al-Taḥtānī, Muḥammad ibn Muḥammad, 1294 or 1295-1364 or 1365.",قطب التحتاني، محمد بن محمد، 1294 أو 1295-1364 أو 1365.,,"","",,"Ibrāhīm ibn Qāsim ibn ʻAlī ibn Yūsuf,",ابراهيم بن قاسم بن علي بن يوسف.,,Arabic; some notes in Persian.,ara|per,"ʻAbbāsī, Ḥājī ʻIzz al-Dīn Shīr Bīk,|Smith, Edgar F. 1854-1928,",عباسي، حاجي عاز الدين شير بيك.|,,,"paper, illustrations ;","Extent: 126 leaves : paper, illustrations ; 208 x 148 (140 x 65) mm bound to 205 x 170 mm.",,2022-02-08T17:47:37-05:00,2021-09-29
,,,marc-xml,Q49117,University of Pennsylvania,Oversize Ms. Codex 42|9914696413503681,https://franklin.library.upenn.edu/catalog/FRANKLIN_9914696413503681,,"[North Africa?],",,A.H. 1106 (1695),1695,http://vocab.getty.edu/aat/300404511,,,"","",Kāfiyat al-ṭālib al-rabbānī li-Risālat Ibn Abī Zayd al-Qayrawānī. Fatḥ al-mannān ʻalá naẓm mawrid al-ẓamʼān.,كافية الطالب الرباني لرسالة ابن ابي زيد القيرواني. فتح المنان على نظم مورد الظمآن.,"Manuscripts, Arabic--17th century.|Codices (bound manuscripts)|Qurʼans.|Commentaries.",,"Ibn Abī Zayd al-Qayrawānī, ʻAbd Allāh ibn ʻAbd al-Raḥmān,--active 10th century.--Risālah.|Kharrāz, Muḥammad ibn Muḥammad,---1318 or 1319.--Mawrid al-ẓamʼān.|Islamic law.|Malikites.",,"Ibn Khalaf, ʻAlī ibn Muḥammad, 1453-1532.",ابن خلف، علي بن محمد، 1453- 1532.,,"","",,"Khamsī, Muḥammad ibn ʻAbd Allāh,",خمسي، محمد بن عبد الله.,,Arabic.,ara,"Jastrow, Marcus, 1829-1903,|Jastrow, Morris, Jr., 1861-1921,",|,,,paper ;,"Extent: 125 leaves : paper ; 260 x 184 (205 x 130)mm, bound to 265 x 200 mm.",,2022-02-08T17:47:37-05:00,2021-09-29
,,,marc-xml,Q49117,University of Pennsylvania,Oversize Ms. Codex 43|9914696423503681,https://franklin.library.upenn.edu/catalog/FRANKLIN_9914696423503681,,"[Syria?],",,A.H. 1268 (1852),1852,http://vocab.getty.edu/aat/300404513,,,"","",Manhaj al-ʻilm wa-al-bayān wa-nuzhat al-samʻ wa-al-aʻyān.,منهج العلم والبيان ونزهة السمع والعيان.,"Codices (bound manuscripts)|Stamps (Provenance)|Manuscripts, Arabic--19th century.",,Nosairians.|Nosairians.,,"Ibn Kabūlakh, Muḥammad ibn ʻAlī ibn ʻĪsá.",ابن كبولخ، محمد بن علي بن عيسى.,,"","",,"Sulaymān ibn Yūsuf ibn Sulaymān,",سليمان بن يوسف بن سليمان.,,Arabic.,ara,"Easson, Henry, Reverend,|Jastrow, Morris, Jr., 1861-1921,",|,,,paper ;,Extent: 214 leaves : paper ; 322 x 215 (235 x 150) mm bound to 315 x 220 mm.,,2022-02-08T17:47:37-05:00,2021-09-29
,,,marc-xml,Q49117,University of Pennsylvania,Ms. Codex 44|9914696433503681,https://franklin.library.upenn.edu/catalog/FRANKLIN_9914696433503681,,"",,[A.H. 1123?-1225 (1711?-1810)],1711-1810,http://vocab.getty.edu/aat/300404512-http://vocab.getty.edu/aat/300404513,,,"","",Dalāʼil al-khayrāt... etc..,دلائل الخيرات... إلخ.,"Manuscripts, Arabic--18th century.|Manuscripts, Arabic--19th century.|Codices (bound manuscripts)|Miniatures (paintings)|Prayers (literary works)|Early works.|Pictorial works.|Prayers and devotions.",,"Muḥammad,--Prophet,---632--Companions.|Islam--Prayers and devotions--Early works to 1800.|Prayer--Islam--Early works to 1800.|Islam.|Prayer--Islam.|Mecca (Saudi Arabia)--Pictorial works.|Medina (Saudi Arabia)--Pictorial works.|Saudi Arabia--Mecca.",,"Jazūlī, Muḥammad ibn Sulaymān, 1404-1465.",جزولي، محمد بن سليمان، -1465.,,"","",,"","",,Arabic.,ara,"Camac, William, 1829-1900,","",,,"paper, illustrations, illuminations ;","Extent: 179 leaves : paper, illustrations, illuminations ; 182 x 102 (124 x 56) mm bound to 184 x 118 mm.",,2022-02-08T17:47:37-05:00,2021-09-29
,,,marc-xml,Q49117,University of Pennsylvania,Oversize LJS 25|9946458153503681,https://franklin.library.upenn.edu/catalog/FRANKLIN_9946458153503681,,"[Italy,",,ca. 1275-1299],1275-1299,http://vocab.getty.edu/aat/300404505,,,Metaphysics,"",Liber metaphisice ; Liber ethicorum,"","Codices.|Manuscripts, Latin--13th century.|Manuscripts, Medieval.",,Metaphysics--Early works to 1800.|Ethics--Early works to 1800.,,Aristotle.,"",,"","",,"","",,Latin.,lat,"","",,,"parchment, col. ill. ;","Extent: 78 leaves : parchment, col. ill. ; 310 x 220 (190-228 x 123-154) mm. bound to 325 x 228 mm.",,2022-02-08T17:47:37-05:00,2021-10-11
,,,marc-xml,Q49117,University of Pennsylvania,LJS 26|9946463483503681,https://franklin.library.upenn.edu/catalog/FRANKLIN_9946463483503681,,"[Italy,",,between 1225 and 1275],1225-1275,http://vocab.getty.edu/aat/300404505,,,"","",Algorismus ;,"","Codices.|Diagrams.|Treatises.|Manuscripts, Latin--13th century.|Manuscripts, Medieval.",,"Arithmetic--Early works to 1900.|Astronomy--Early works to 1800.|Astronomy, Medieval.|Cosmography--Early works to 1800.",,"Sacro Bosco, Joannes de, active 1230.","",,"","",,"","",,Latin.,lat,"","",,,"parchment, ill. ;","Extent: 30 leaves : parchment, ill. ; 182 x 128-130 (128 x 85) mm. bound to 188 x 138 mm.",,2022-02-08T17:47:37-05:00,2021-10-11
,,,marc-xml,Q49117,University of Pennsylvania,LJS 23|9947469813503681,https://franklin.library.upenn.edu/catalog/FRANKLIN_9947469813503681,,"[France or Flanders,",,between 1250 and 1275],1250-1275,http://vocab.getty.edu/aat/300404505,,,De natura rerum.,"",De natura rerum,"","Codices.|Manuscripts, Latin--13th century.|Manuscripts, Medieval.",,Natural history--Pre-Linnean works.,,"Thomas, de Cantimpré, approximately 1200-approximately 1270.","",,"","",,"","",,Latin.,lat,"Gorman, Pierre Patrick, 1924-,","",,,parchment ;,Extent: 56 leaves : parchment ; 184 x 132 (138 x 105) mm. bound to 185 x 138 mm.,,2022-02-08T17:47:37-05:00,2021-10-11
,,,marc-xml,Q49117,University of Pennsylvania,Oversize LJS 252|9947594443503681,https://franklin.library.upenn.edu/catalog/FRANKLIN_9947594443503681,,"",,"",1300,http://vocab.getty.edu/aat/300404506,,,Physics.,"","Manuscript leaf from Physics,","","Fragments.|Manuscripts, Latin--13th century.|Manuscripts, Latin--14th century.|Manuscripts, Medieval.",,Physics--Early works to 1800.|Physical sciences--Early works to 1800.,,Aristotle.,"",,"","",,"","",,In Latin.,lat,"Schoenberg, Lawrence J.,","",,,parchment ;,Extent: 1 parchment ; 316 x 162 (233 x 133) mm.,,2022-02-08T17:47:37-05:00,2021-10-11
,,,marc-xml,Q49117,University of Pennsylvania.,LJS 265|9947675343503681,https://franklin.library.upenn.edu/catalog/FRANKLIN_9947675343503681,https://colenda.library.upenn.edu/phalt/iiif/2/81431-p3k649t48/manifest,"[Rome?,",,before 1464],1464,http://vocab.getty.edu/aat/300404465,,,Ruralia commoda,"",Liber ruralium commodorum,"","Facsimiles.|Illuminations.|Manuscripts, Latin--15th century.|Manuscripts, Renaissance.",,Agriculture--Early works to 1800.,,"Crescenzi, Pietro de', approximately 1233-approximately 1320.","",,"Firenze, Andrea de, 15th cent.,","",,"Traiecto, Petrus de,","",,Latin.,lat,"Caffarelli, Prospero, d. 1500,|Pius VI, Pope, 1717-1799,|Hoe, Robert, 1839-1909,|Beatty, A. Chester Sir, 1875-1968,|Marx, Hermann,|Schoenberg, Lawrence J.,",|||||,,,ill.,Extent: 1 online resource (172 leaves) : ill.,,2022-02-08T17:47:37-05:00,2021-10-11
,,,marc-xml,Q49117,University of Pennsylvania.,LJS 237|9947699533503681,https://franklin.library.upenn.edu/catalog/FRANKLIN_9947699533503681,,"[Padua?, Italy,",,ca. 1460],1460,http://vocab.getty.edu/aat/300404465,,,De bello Judaico.,"",Quinque libri Egesippi nacione Judei de excidio iudeorum,"","Facsimiles.|Histories.|Annotations.|Manuscripts, Latin--15th century.|Manuscripts, Renaissance.",,"Jews--History--Early works to 1800.|Jews--History--586 B.C.-70 A.D.|Jews--History--Rebellion, 66-73.",,"Josephus, Flavius.","",,"","",,"Lomer, Petrus,","",,Latin.,lat,"Hahn, Franz Joseph Anton von, 1699-1748,|Gladstone, W. E. 1809-1898,|Schoenberg, Lawrence J.,",||,,,ill.,Extent: 1 online resource (185 leaves) : ill.,,2022-02-08T17:47:37-05:00,2021-10-11
,,,marc-xml,Q49117,University of Pennsylvania,LJS 194|9948120243503681,https://franklin.library.upenn.edu/catalog/FRANKLIN_9948120243503681,,"[Austria?,",,between 1125 and 1175],1125-1175,http://vocab.getty.edu/aat/300404504,,,"","",Geometria,"","codices (bound manuscripts)|annotations.|diagrams.|treatises.|Manuscripts, Latin--12th century.|Manuscripts, Medieval.",,Geometry--Early works to 1800.|Astrolabes--Early works to 1800.,,"Sylvester II, Pope, ca. 945-1003.","",,"","",,"","",,Latin.,lat,"Haimmiller, M.,|Ebner von Eschenbach, Hieronymus Wilhelm, 1673-1752,|Bohn, John, 1757-1843,|Phillipps, Thomas, Sir, 1792-1872,|Horblit, Harrison D.,|Stanitz, John D.,",|||||,,,"parchment, ill. ;","Extent: 56 leaves : parchment, ill. ; 155 x 106 (121 x 78) mm. bound to 163 x 113 mm.",,2022-02-08T17:47:37-05:00,2021-10-11
,,,marc-xml,Q49117,University of Pennsylvania,LJS 216|9948124823503681,https://franklin.library.upenn.edu/catalog/FRANKLIN_9948124823503681,,"[Paris?,",,between 1256 and 1270],1256-1270,http://vocab.getty.edu/aat/300404505,,,Sphaera mundi,"",Tractatum de spera ... etc.,"","Codices.|Diagrams.|Illuminations.|Treatises.|Manuscripts, Latin--13th century.|Manuscripts, Medieval.",,"Arithmetic--Early works to 1900.|Astronomy--Early works to 1800.|Astronomy, Medieval.|Cosmology--Early works to 1800.|Time measurements--Early works to 1800.",,"Sacro Bosco, Joannes de, active 1230.","",,"","",,"","",,Latin.,lat,"Honeyman, Robert B.,|Stanitz, John D.,",|,,,"parchment, col. ill. ;","Extent: 58 leaves : parchment, col. ill. ; 165 x 110 (97 x 59) mm. bound to 171 x 120 mm.",,2022-02-08T17:47:37-05:00,2021-10-11
,,,marc-xml,Q49117,University of Pennsylvania,LJS 223|9948175023503681,https://franklin.library.upenn.edu/catalog/FRANKLIN_9948175023503681,,"[Bavaria,",,ca. 1510],1510,http://vocab.getty.edu/aat/300404510,,,"","",Questiones logicales ... etc.,"","Codices.|Annotations.|Commentaries.|Diagrams.|Treatises.|Manuscripts, Latin--16th century.|Manuscripts, Renaissance.",,"Aristotle.--Categoriae.|Aristotle.--Posterior analytics.|Aristotle.--De interpretatione.|Aristotle.--Physics.|Aristotle--Criticism and interpretation--Early works to 1800.|Dulaert, Johannes.|Lefèvre d'Étaples, Jacques,--d. 1536.|Logic--Early works to 1800.|Physics--Early works to 1800.",,"","",,"","",,"Ungelter, Theodoricus,","",,Latin.,lat,"","",,,"paper, col. ill. ;","Extent: 206 leaves : paper, col. ill. ; 270 x 200 (204 x 115) mm. bound to 280 x 215 mm.",,2022-02-08T17:47:37-05:00,2021-10-11
,,,marc-xml,Q49117,University of Pennsylvania,LJS 225|9948179063503681,https://franklin.library.upenn.edu/catalog/FRANKLIN_9948179063503681,,"[Rome?,",,between 1455 and 1458],1455-1458,http://vocab.getty.edu/aat/300404465,,,"","",Litterarum simulationis liber,"","Codices.|Illuminations (visual works)|Manuals (instructional materials)|Treatises.|Manuscripts, Latin--15th century.|Manuscripts, Italian--15th century.|Manuscripts, Renaissance.",,Cryptography--Early works to 1800.|Ciphers--Early works to 1800.,,"Zopello, Michele.","",,"Gioacchino, di Giovanni,","",,"","",,Latin (f. 1r-5r) and Italian with rubrics in Latin (f. 5v-20r).,lat|ita,"","",,,"parchment, col. ill. ;","Extent: 20 leaves : parchment, col. ill. ; 223 x 150 (127 x 85) mm. bound to 228 x 155 mm.",,2022-02-08T17:47:37-05:00,2021-10-11
,,,marc-xml,Q49117,University of Pennsylvania,LJS 232|9948181893503681,https://franklin.library.upenn.edu/catalog/FRANKLIN_9948181893503681,,"[Florence, Italy,",,after 1539],1539,http://vocab.getty.edu/aat/300404510,,,"","",Trattato delle proportioni et proportionalità,"","Codices.|Diagrams.|Dialogues.|Treatises.|Manuscripts, Italian--16th century.|Manuscripts, Latin--16th century.|Manuscripts, Renaissance.",,"Martini, Luca.|Rucellai, Cosimo.|Vettori, Jacopo.|Rithmomachia (Game)|Mathematical recreations--Early works to 1800.",,"Varchi, Benedetto, 1503-1565.","",,"","",,"Marchioni, Marchiono de,","",,Italian with a short section in Latin (f. 49r-49v).,ita|lat,"Feltrinelli, Giannalisa,","",,,"paper, ill. ;","Extent: 60 leaves : paper, ill. ; 220 x 166 (168 x 126) mm. bound to 236 x 172 mm.",,2022-02-08T17:47:37-05:00,2021-10-11
,,,marc-xml,Q49117,University of Pennsylvania,Oversize LJS 239|9948558353503681,https://franklin.library.upenn.edu/catalog/FRANKLIN_9948558353503681,,"[Upper Saxony,",,ca. 1560],1560,http://vocab.getty.edu/aat/300404510,,,"","","Pattern-book of bridles, bits and straps","","Codices.|Drawings (visual works)|Paintings (visual works)|Manuscripts, German--16th century.|Manuscripts, Renaissance.",,Animal culture--Early works to 1800.|Bridles--Early works to 1800.|Horsemanship--Equipment and supplies--Early works to 1800.,,"","",,"","",,"","",,German.,ger,"Fugger, Marcus, 1529-1597,|Dloss, Edwin,|Heilbrun, G.,",||,,,paper ;,Extent: 175 leaves : paper ; 505 x 350 (335 x 245) mm. bound to 510 x 360 mm.,,2022-02-08T17:47:37-05:00,2021-10-11
,,,marc-xml,Q49117,University of Pennsylvania,Oversize LJS 254|9948588323503681,https://franklin.library.upenn.edu/catalog/FRANKLIN_9948588323503681,,"[Germany,",,after 1562],1562,http://vocab.getty.edu/aat/300404510,,,"","",Buch von den probierten Kü̈̈nsten,"","Codices.|Paintings (visual works)|Treatises.|Manuscripts, German--16th century.|Manuscripts, Renaissance.",,Artillery--Early works to 1800.|Explosives--Early works to 1800.|Military art and science--Early works to 1800.,,"Helm, Franz, approximately 1500-1567.","",,"","",,"Ganser, Georg,","",,German.,ger,"","",,,"paper, col. ill. ;","Extent: 285 leaves : paper, col. ill. ; 320 x 210 (215 x 115) mm. bound to 323 x 230 mm.",,2022-02-08T17:47:37-05:00,2021-10-11
,,,marc-xml,Q49117,University of Pennsylvania,LJS 267|9948617063503681,https://franklin.library.upenn.edu/catalog/FRANKLIN_9948617063503681,,"[Italy],",,1409.,1409,http://vocab.getty.edu/aat/300404465,,,"","",De ludo schacchorum seu de moribus hominum et officiis nobilium ... etc.,"","Codices.|Palimpsests.|Poems.|Prayers.|Sermons.|Treatises.|Manuscripts, Latin--15th century.|Manuscripts, Italian--15th century.|Manuscripts, Renaissance.",,"Catholic Church--Liturgy--Calendar--Early works to 1800.|Chess--Early works to 1800.|Kings and rulers--Duties--Early works to 1800.|Astronomy--Early works to 1800.|Medea (Greek mythology)|Rome--History--Civil War, 43-31 B.C.|Cesena (Italy)--History.",,"","",,"","",,"","",,"Latin, with a few poems in Italian (f. 106r-108v).",lat|ita,"Ludwig, Peter, 1925-1996,|Ludwig, Irene,|J. Paul Getty Museum,",||,,,"parchment, ill. ;","Extent: 175 leaves : parchment, ill. ; 190 x 122 (130 x 75-80) mm. bound to 200 x 135 mm.",,2022-02-08T17:47:37-05:00,2021-10-11
,,,marc-xml,Q49117,University of Pennsylvania,Oversize LJS 278|9949183233503681,https://franklin.library.upenn.edu/catalog/FRANKLIN_9949183233503681,,"[Deccan, India],",,A.H. 1004 (1595) or 1054 (1645),1595-1645,http://vocab.getty.edu/aat/300404510-http://vocab.getty.edu/aat/300404511,,,De materia medica.,"",Kitāb-i Ḥashāyish.,کتاب حشايش.,"Manuscripts, Persian.|Manuscripts, 16th century.|Manuscripts, Renaissance.|Codices (bound manuscripts)|Herbals.|Watercolors (paintings)",,"Materia medica--Early works to 1800.|Botany, Medical--Early works to 1800.|Botany--Pictorial works--Early works to 1800.|Medicine, Greek and Roman.",,"Dioscorides Pedanius, of Anazarbos.",ديسقوريدس.,,"","",,"","",,Persian.,per,"Schoenberg, Lawrence J.,","",,,"paper, illustrations ;","Extent: 172 leaves : paper, illustrations ; 400 x 260 mm.",,2022-02-08T17:47:37-05:00,2021-10-08
,,,marc-xml,Q49117,University of Pennsylvania,Oversize LJS 189|9949222153503681,https://franklin.library.upenn.edu/catalog/FRANKLIN_9949222153503681,,"[Persia?],",,[between 1300 and 1399?],1300-1399,http://vocab.getty.edu/aat/300404506,,,"","",Z̲akhīrah-ʹi Khvārazmshāhī.,ذخيره‌ خوارزم‌شاهى.,"Manuscripts, Persian.|Manuscripts, 14th century.|Manuscripts, Medieval.|Codices (bound manuscripts)|Encyclopedias.|Illuminations (painting)|Miniatures (paintings)|Illuminations.",,"Medicine, Persian--Early works to 1800.",,"Jurjānī, Ismāʻīl ibn Ḥasan, 1042 or 1043-1136 or 1137.",جرجاني، اسماعيل بن حسن، 1042 or 1043-1136 or 1137.,,"","",,"","",,Persian.,per,"Stanitz, John D.,|Schoenberg, Lawrence J.,|Hagop Kevorkian Fund,",||,,,"paper, illustrations, illuminations ;","Extent: 352 leaves : paper, illustrations, illuminations ; 395 x 317 (278 x 230) mm bound to 400 x 322 mm.",,2022-02-08T17:47:37-05:00,2021-10-08
,,,marc-xml,Q49117,University of Pennsylvania,Oversize LJS 19|9949237593503681,https://franklin.library.upenn.edu/catalog/FRANKLIN_9949237593503681,,"Granada,",,1553.,1553,http://vocab.getty.edu/aat/300404510,,,"","",Carta executoria de hidalguia a pedimiento,"","Codices.|Illuminations.|Letters patent.|Manuscripts, Spanish--16th century.|Manuscripts, Renaissance.",,"Garcia y la Puente, Johan.|Mary,--Blessed Virgin, Saint--Annunciation--Art.|James,--the Greater, Saint--Art.|Nobility--Spain--Early works to 1800.|Illumination of books and manuscripts--Specimens.|Spain--History--Charles I, 1516-1556.",,Spain. Sovereign (1516-1556 : Charles I),"",,"","",,"","",,Spanish.,spa,"Schoenberg, Lawrence J.,","",,,parchment ;,Extent: 38 leaves : parchment ; 334 x 216 (220 x 135) mm. bound to 334 x 230 mm.,,2022-02-08T17:47:37-05:00,2021-10-11
,,,marc-xml,Q49117,University of Pennsylvania,Oversize LJS 20|9949240153503681,https://franklin.library.upenn.edu/catalog/FRANKLIN_9949240153503681,,"Granada,",,1578.,1578,http://vocab.getty.edu/aat/300404510,,,"","",Carta executoria de hidalguia a pedimiento,"","Codices.|Illuminations.|Letters patent.|Manuscripts, Spanish--16th century.|Manuscripts, Renaissance.",,"Cuenca, Juan Gaytan de.|Cuenca, Francisco Gaytan de.|Cuenca, Alonso Gaytan de.|Mary,--Blessed Virgin, Saint--Art.|James,--the Greater, Saint--Art.|Philip--II,--King of Spain,--1527-1598--Portraits.|Nobility--Spain--Early works to 1800.|Illumination of books and manuscripts--Specimens.|Spain--History--Philip II, 1556-1598.",,Spain. Sovereign (1556-1598 : Philip II),"",,"","",,"","",,Spanish.,spa,"McRoberts, David,|Schoenberg, Lawrence J.,",|,,,parchment ;,Extent: 67 leaves : parchment ; 310 x 207 (234 x 130) mm. bound to 321 x 226 mm.,,2022-02-08T17:47:37-05:00,2021-10-11
,,,marc-xml,Q49117,University of Pennsylvania,Oversize LJS 16|9949282643503681,https://franklin.library.upenn.edu/catalog/FRANKLIN_9949282643503681,,"[Paris?, France,",,ca. 1400],1400,http://vocab.getty.edu/aat/300404465,,,Speculum historiale.,"","Speculum historiale, Books 25-28","","Chronicles.|Encyclopedias.|Manuscripts, Latin--14th century.|Manuscripts, Latin--15th century.|Manuscripts, Medieval.",,World history--Early works to 1800.|Encyclopedias and dictionaries--Early works to 1600.,,"Vincent, of Beauvais, -1264.","",,"","",,"","",,Latin.,lat,"Libri, Guillaume, 1803-1869,|Phillipps, Thomas, Sir, 1792-1872,|Creswick, H. R., 1902-1988,|Schoenberg, Lawrence J.,",|||,,,"parchment, ill. ;","Extent: 176 leaves : parchment, ill. ; 370 x 255 (254 x 155) mm. bound to 381 x 275 mm.",,2022-02-08T17:47:37-05:00,2021-10-11
,,,marc-xml,Q49117,University of Pennsylvania,Oversize LJS 124|9949349953503681,https://franklin.library.upenn.edu/catalog/FRANKLIN_9949349953503681,,"",,"",1400,http://vocab.getty.edu/aat/300404465,,,Speculum historiale.,"","Manuscript leaf from Speculum historiale, Book 29,","","Fragments.|Excerpts.|Manuscripts, Latin--14th century.|Manuscripts, Latin--15th century.|Manuscripts, Medieval.",,Abbots--Early works to 1800.|Bishops--Early works to 1800.,,"Vincent, of Beauvais, -1264.","",,"","",,"","",,Latin.,lat,"Libri, Guillaume, 1803-1869,|Phillipps, Thomas, Sir, 1792-1872,|Creswick, H. R., 1902-1988,|Masson, Irvine, 1887-1962,|Schoenberg, Lawrence J.,",||||,,,parchment ;,Extent: 1 item (1 leaf) : parchment ; 368 x 262 mm.,,2022-02-08T17:47:37-05:00,2021-10-11
,,,marc-xml,Q49117,University of Pennsylvania,Oversize LJS 266|9949525113503681,https://franklin.library.upenn.edu/catalog/FRANKLIN_9949525113503681,,"[France,",,between 1440 and 1460?],1425-1450,http://vocab.getty.edu/aat/300404465,,,"","",La generacion de Adam,"","Codices.|Chronicles.|Genealogies.|Manuscripts, French--15th century.|Manuscripts, Medieval.",,World history--Early works to 1800.|France--Kings and rulers--Genealogy--Early works to 1800.|Great Britain--Kings and rulers--Genealogy--Early works to 1800.,,"","",,"","",,"","",,Middle French.,frm,"Austin, Jehan,|Auslin, Johan,|Molac, Sébastien de Rosmadec, marquis de, d. 1693,|Schoenberg, Lawrence J.,",|||,,,"parchment, col. ill. ;","Extent: 45 leaves : parchment, col. ill. ; 352 x 185 (240 x 95) mm. bound to 365 x 188 mm.",,2022-02-08T17:47:37-05:00,2021-10-11
,,,marc-xml,Q49117,University of Pennsylvania,Oversize LJS 231|9949875283503681,https://franklin.library.upenn.edu/catalog/FRANKLIN_9949875283503681,,"Barga,",,[after 1346],1346,http://vocab.getty.edu/aat/300404506,,,"","",Statutum habelle communum et terrarum Barge,"","Codices.|Laws (documents)|Manuscripts, Latin--14th century.|Manuscripts, Medieval.",,Taxation--Italy--Barga.|Barga (Italy)--History.|Tuscany (Italy)--Commerce--Early works to 1800.|Tuscany (Italy)--Economic conditions--Early works to 1800.,,"","",,"","",,"","",,Latin.,lat,"Feltrinelli, Giannalisa,|Schoenberg, Lawrence J.,",|,,,paper ;,Extent: 28 leaves : paper ; 297 x 208 (221 x 105) mm. bound to 298 x 212 mm.,,2022-02-08T17:47:37-05:00,2021-10-11
,,,marc-xml,Q49117,University of Pennsylvania,LJS 115|9949879143503681,https://franklin.library.upenn.edu/catalog/FRANKLIN_9949879143503681,,"",,"",1225-1275,http://vocab.getty.edu/aat/300404505,,,Summa de poenitentia et matrimonio.,"","Manuscript leaf from Summa de poenitentia et matrimonio,","","Fragments.|Manuals (instructional materials)|Manuscripts, Latin--13th century.|Manuscripts, Medieval.",,"Confession--Catholic Church--Handbooks, manuals, etc.--Early works to 1800.|Penance (Canon law)|Usury--Early works to 1800.",,"Raymond, of Peñafort, Saint, 1175?-1275.","",,"","",,"","",,Latin.,lat,"Schoenberg, Lawrence J.,","",,,parchment ;,Extent: 1 item (1 leaf) : parchment ; 178 x 120 mm.,,2022-02-08T17:47:37-05:00,2021-10-11
,,,marc-xml,Q49117,University of Pennsylvania,Oversize LJS 238|9949939943503681,https://franklin.library.upenn.edu/catalog/FRANKLIN_9949939943503681,,"",,"",1500-1599,http://vocab.getty.edu/aat/300404510,,,"","",Assise of all manner of breade :,"","Manuscripts, English--16th century.|Manuscripts, Renaissance.",,Bakers--England--Early works to 1800.|Bread--England--Early works to 1800.|Weights and measures--England--Early works to 1800.|Winchester (England)--History.,,"","",,"","",,"","",,"",eng,"Fenn, John, 1739-1794,|Phillipps, Thomas, Sir, 1792-1872,|Lansburgh, Mark,|Schoenberg, Lawrence J.,",|||,,,parchment ;,Extent: 1 item (1 leaf) : parchment ; 443 x 338 mm.,,2022-02-08T17:47:37-05:00,2021-10-11
,,,marc-xml,Q49117,University of Pennsylvania,Oversize LJS 110|9949945603503681,https://franklin.library.upenn.edu/catalog/FRANKLIN_9949945603503681,,"",,"",1358,http://vocab.getty.edu/aat/300404506,,,"","",John Elys deed :,"","Deeds.|Indentures.|Legal documents.|Manuscripts, Latin--14th century.|Manuscripts, Medieval.",,"Elys, John.|Beeleye, John de.|Beeleye, Margery de.|Real property--England--Warwickshire.|Warwickshire (England)--History.",,"","",,"","",,"","",,In Latin.,lat,"Schoenberg, Lawrence J.,","",,,parchment ;,Extent: 1 parchment ; 170 x 245 mm.,,2022-02-08T17:47:37-05:00,2021-10-11
,,,marc-xml,Q49117,University of Pennsylvania,Oversize LJS 211|9949956063503681,https://franklin.library.upenn.edu/catalog/FRANKLIN_9949956063503681,,"",,"",1201-1205,http://vocab.getty.edu/aat/300404505,,,"","",Roger Bigod deed :,"","Deeds.|Legal documents.|Seals (artifacts)|Manuscripts, Latin--13th century.|Manuscripts, Medieval.",,Real property--England--Suffolk.|Windmills--England--History.,,"Bigod, Roger, Earl of Norfolk, d. 1221.","",,"","",,"","",,In Latin.,lat,"Phillipps, Thomas, Sir, 1792-1872,|Grinke, Paul,|Stanitz, John D.,|Schoenberg, Lawrence J.,",|||,,,parchment ;,Extent: 1 parchment ; 111 x 167 mm.,,2022-02-08T17:47:37-05:00,2021-10-11
,,,marc-xml,Q49117,University of Pennsylvania,LJS 119|9949967773503681,https://franklin.library.upenn.edu/catalog/FRANKLIN_9949967773503681,,"",,"",1300-1399,http://vocab.getty.edu/aat/300404506,,,"","","Manuscript leaf from a collection of papal decretals,","","Fragments.|Commentaries.|Decretals.|Manuscripts, Latin--14th century.|Manuscripts, Medieval.",,Canon law--Early works to 1800.,,Catholic Church.,"",,"","",,"","",,In Latin.,lat,"Schoenberg, Lawrence J.,","",,,parchment ;,Extent: 1 parchment ; 210 x 116 mm.,,2022-02-08T17:47:37-05:00,2021-10-11
,,,marc-xml,Q49117,University of Pennsylvania,LJS 271|9950003033503681,https://franklin.library.upenn.edu/catalog/FRANKLIN_9950003033503681,,"",,"",1531,http://vocab.getty.edu/aat/300404510,,,"","","Niccolò di Giovanni Machiavelli receipt,","","Receipts (financial records)|Manuscripts, Italian--16th century.|Manuscripts, Renaissance.",,"Soderini, Giovanni di Luigi.|Textile industry--Italy--Early works to 1800.",,"Machiavelli, Niccolò di Giovanni.","",,"","",,"","",,In Italian.,ita,"Schoenberg, Lawrence J.,","",,,paper ;,Extent: 1 paper ; 330 x 228 mm.,,2022-02-08T17:47:37-05:00,2021-10-11
,,,marc-xml,Q49117,University of Pennsylvania,LJS 188|9950289983503681,https://franklin.library.upenn.edu/catalog/FRANKLIN_9950289983503681,,"[England],",,circa 1540.,1540,http://vocab.getty.edu/aat/300404510,,,"","",Ynstruction of the ephimeredes,"","Codices.|manuals (instructional materials)|tables (documents)|Manuscripts, English--16th century.|Manuscripts, Renaissance.",,Astronomy--Early works to 1800.|Ephemerides--Early works to 1800.,,"Schöner, Johann, 1477-1547.","",,"","",,"","",,Middle English.,enm,"Alleyn, James,|Stanitz, John D.,",|,,,paper ;,Extent: 20 leaves : paper ; 188 x 142 (146-156 x 107) mm. bound to 196 x 152 mm.,,2022-02-08T17:47:37-05:00,2021-10-11
,,,marc-xml,Q49117,University of Pennsylvania,Oversize LJS 174|9950293063503681,https://franklin.library.upenn.edu/catalog/FRANKLIN_9950293063503681,,"[Prague],",,1401-1404.,1401-1404,http://vocab.getty.edu/aat/300404465,,,Alphonsine Tables.,"",Tabule illustrissimi principis regis alfonsii ... etc.,"","Codices.|Tables (documents)|Manuscripts, Latin--15th century.|Manuscripts, Medieval.|Manuscripts, Renaissance.",,"Astronomy--Early works to 1800.|Astronomy, Medieval.",,"","",,"","",,"","",,Latin.,lat,"Stanitz, John D.,","",,,paper ;,Extent: 142 leaves : paper ; 295 x 225 mm. bound to 295 x 236 mm.,,2022-02-08T17:47:37-05:00,2021-10-11
,,,marc-xml,Q49117,University of Pennsylvania,LJS 191|9950320043503681,https://franklin.library.upenn.edu/catalog/FRANKLIN_9950320043503681,,"[England],",,[circa 1496],1496,http://vocab.getty.edu/aat/300404465,,,"","",Commentary on the Ephemerides of Regiomontanus,"","codices (bound manuscripts)|commentaries.|tables (documents)|treatises.|Manuscripts, English (Middle)--15th century.|Manuscripts, Renaissance.",,Astrology--Early works to 1800.|Astronomy--Early works to 1800.|Ephemerides--Early works to 1800.,,"Mariensüss, Bartholomäus, -1504.","",,"","",,"","",,Middle English.,eng|enm,"Alleyn, James,|Stanitz, John D.,",|,,,paper ;,Extent: 18 leaves : paper ; 190 x 140 (170 x 112) mm bound to 197 x 150 mm.,,2022-02-08T17:47:37-05:00,2021-10-11
,,,marc-xml,Q49117,University of Pennsylvania,LJS 215|9950345623503681,https://franklin.library.upenn.edu/catalog/FRANKLIN_9950345623503681,,"[France],",,1511.,1511,http://vocab.getty.edu/aat/300404510,,,"","",Scientific miscellany,"","Codices.|Anthologies.|Diagrams.|Tables (documents)|Manuscripts, French--16th century.|Manuscripts, Latin--16th century.|Manuscripts, Renaissance.",,"Astrolabes--Early works to 1800.|Astrology--Early works to 1800.|Astronomy--Early works to 1800.|Dyes and dyeing--Early works to 1800.|Medicine--Formulae, receipts, prescriptions--Early works to 1800.",,"Feutrier, Imbert,","",,"","",,"","",,Middle French and Latin.,frm,"Migieu, Anthelme-Michel-Laurent de, marquis de Savigny, 1723-1788,|Stanitz, John D.,",|,,,paper ;,Extent: 283 leaves : paper ; 101 x 70 (80 x 53) mm. bound to 105 x 76 mm.,,2022-02-08T17:47:37-05:00,2021-10-11
,,,marc-xml,Q49117,University of Pennsylvania,LJS 226|9950511113503681,https://franklin.library.upenn.edu/catalog/FRANKLIN_9950511113503681,,"[England and Spain,",,ca. 1410],1410,http://vocab.getty.edu/aat/300404465,,,"","",Certain astrological and astronomical figures,"","Codices.|Fragments.|Diagrams.|Manuscripts, Latin--15th century.|Manuscripts, Medieval.|Manuscripts, Renaissance.",,Astrology--Early works to 1800.|Astronomy--Early works to 1800.|Booksellers and bookselling--Early works to 1800.|Cabala--Early works to 1800.|Magic--Early works to 1800.|Labyrinths--Early works to 1800.,,"","",,"","",,"","",,"Latin, with a few words in Spanish (f. 7r).",lat|spa,"Lethe, Johannes,|Chetwode, John, Sir, 1764-1845,",|,,,parchment ;,Extent: 7 leaves : parchment ; 170-208 x 130 mm. bound to 187 x 145 mm.,,2022-02-08T17:47:37-05:00,2021-10-11
,,,marc-xml,Q49117,University of Pennsylvania,LJS 235|9950569233503681,https://franklin.library.upenn.edu/catalog/FRANKLIN_9950569233503681,https://colenda.library.upenn.edu/phalt/iiif/2/81431-p3zm0w/manifest,"",,[between 1500 and 1599?],1500-1599,http://vocab.getty.edu/aat/300404510,,,Adwār,ادوار,Kitāb al-Adwār fī al-mūsīqá.,كتاب الادوار في الموسيقى.,"Manuscripts, Arabic.|Manuscripts, 16th century.|Manuscripts, Renaissance.|Codices (bound manuscripts)|Commentaries.|Diagrams.|Treatises.|Stamps (Provenance)",,Music--Early works to 1800.|Music theory--Arab countries--Early works to 1800.,,"Urmawī, ʻAbd al-Muʼmin ibn Yūsuf, approximately 1216-1294.",ارموي، عبد المؤمن بن يوسف، اپرxمتلي 12161294.,,"","",,"","",,Arabic.,ara,"Schoenberg, Lawrence J.,","",,,"paper, illustrations ;","Extent: 12 leaves : paper, illustrations ; 235 x 165 (200 x 135) mm bound to 244 x 176 mm.",,2022-02-08T17:47:37-05:00,2021-10-08
,,,marc-xml,Q49117,University of Pennsylvania,Oversize LJS 268|9950583033503681,https://franklin.library.upenn.edu/catalog/FRANKLIN_9950583033503681,,"[Spain],",,A.H. 783 (1381),1381,http://vocab.getty.edu/aat/300404506,,,Almagest.,"",Kitāb al-Majisṭī.,كتاب المجسطي.,"Manuscripts, Arabic.|Manuscripts, 14th century.|Manuscripts, Medieval.|Codices (bound manuscripts)|Diagrams.|Tables (documents)|Treatises.|Annotations (Provenance)",,Astronomy--Early works to 1800.,,"Ptolemy, active 2nd century.",بطليموس، active 2nd century.,,"","",,"","",,Arabic.,ara,"Aḥmad ibn Mubārak Luṭf Allāh,|Muḥammad al-Raʼīs,|Muḥammad ʻAbd al-Ḥayy ibn ʻAbd al-Kabīr al-Kinānī al-Ḥasanī,|Schoenberg, Lawrence J.,",احمد بن مبارك لطف الله،|محمد الرأيس،|محمد عبد الحي بن عبد الكبير الكناني الحسني،|,,,paper ;,"Extent: i, 174, i leaves : paper ; 280 x 215 (220 x 145) mm. bound to 280 x 225 mm.",,2022-02-08T17:47:37-05:00,2021-10-08
,,,marc-xml,Q49117,University of Pennsylvania,LJS 101|9951865503503681,https://franklin.library.upenn.edu/catalog/FRANKLIN_9951865503503681,,"[France,",,ca. 850],0850,http://vocab.getty.edu/aat/300404501,,,"","",Periermenias Aristotelis ... etc.,"","Codices.|Commentaries.|Diagrams.|Illuminations (visual works)|Poems.|Translations (documents)|Treatises.|Manuscripts, Latin--9th century.|Manuscripts, Latin--11th century.|Manuscripts, Medieval.",,"Aristotle.--De interpretatione.|Aristotle--Criticism and interpretation--Early works to 1800.|Illumination of books and manuscripts, Carolingian--Specimens.|Logic--Early works to 1800.",,"Boethius, -524.","",,"","",,"","",,Latin.,lat,"Phillipps, Thomas, Sir, 1792-1872,|Beck, Helmut, 1919-2001,|Saint-Benoît-sur-Loire (Abbey),",||,,,parchment ;,Extent: 64 leaves : parchment ; 204-206 x 172-174 (136-148 x 100-128) mm. bound to 219 x 190 mm.,,2022-02-08T17:47:37-05:00,2021-10-11
,,,marc-xml,Q49117,University of Pennsylvania,Ms. Coll. 390|9951865803503681,https://franklin.library.upenn.edu/catalog/FRANKLIN_9951865803503681,,"",,"",1700-1850,http://vocab.getty.edu/aat/300404512-http://vocab.getty.edu/aat/300404513,,,Vedas.,"","Vāmanasūkta,","वामनसूक्त,","Hymns.|Manuscripts, Sanskrit--18th century.|Manuscripts, Sanskrit--19th century.|Manuscripts--India--18th century.|Manuscripts--India--19th century.",,"Hindu hymns, Sanskrit.|Vāmana (Hindu deity)",,"","",,"","",,"","",,In Sanskrit,san,"","",,,paper ;,Extent: 1 paper ; 12 x 17 cm.,,2022-02-08T17:47:37-05:00,2019-10-03
,,,marc-xml,Q49117,University of Pennsylvania,Ms. Coll. 390|9951866203503681,https://franklin.library.upenn.edu/catalog/FRANKLIN_9951866203503681,,"",,"",1814,http://vocab.getty.edu/aat/300404513,,,"","","Agnihotrahomaprayoga,","अग्निहोत्रहोमप्रयोग,","Manuals (instructional materials)|Manuscripts, Sanskrit--19th century.|Manuscripts--India--19th century.",,Hinduism--Rituals--Texts.,,"Rudradeva, 18th cent.","",,"","",,"","",,In Sanskrit,san,"","",,,paper ;,Extent: 1 paper ; 11 x 25 cm.,,2022-02-08T17:47:37-05:00,2019-10-03
,,,marc-xml,Q49117,University of Pennsylvania,Ms. Coll. 390|9951882013503681,https://franklin.library.upenn.edu/catalog/FRANKLIN_9951882013503681,,"",,"",1830,http://vocab.getty.edu/aat/300404513,,,"","","Dhūrtasvāmibhāṣyatīkā,","धूर्तस्वामिभाष्यतीका,","Commentaries.|Manuscripts, Sanskrit--19th century.|Manuscripts--India--19th century.",,Dhūrtasvāmī.--Āpastambaśrautasūtra dhūtasvāmibhāṣya.|Hinduism--Rituals--Texts.|Sacrifice--Hinduism.,,Kauśikarāma.,"",,"","",,"Madhubhaṭṭa Cātudhāra,","",,In Sanskrit,san,"Rājārāmabhaṭṭa,","",,,paper ;,Extent: 1 paper ; 12 x 26 cm.,,2022-02-08T17:47:37-05:00,2019-10-03
,,,marc-xml,Q49117,University of Pennsylvania,Ms. Coll. 390|9951882743503681,https://franklin.library.upenn.edu/catalog/FRANKLIN_9951882743503681,,"",,"",1700-1850,http://vocab.getty.edu/aat/300404512-http://vocab.getty.edu/aat/300404513,,,"","","Bodhāyanacayanaprayoga,","भोधायनचयनप्रयोग,","Manuals (instructional materials).|Manuscripts, Sanskrit--18th century.|Manuscripts, Sanskrit--19th century.|Manuscripts--India--18th century.|Manuscripts--India--19th century.",,Hinduism--Rituals--Texts.,,Baudhāyana.,"",,"","",,"","",,In Sanskrit,san,"","",,,paper ;,Extent: 1 paper ; 11 x 23 cm.,,2022-02-08T17:47:37-05:00,2019-10-03
,,,marc-xml,Q49117,University of Pennsylvania,Oversize LJS 24|9952666523503681,https://franklin.library.upenn.edu/catalog/FRANKLIN_9952666523503681,https://colenda.library.upenn.edu/phalt/iiif/2/81431-p37w6764x/manifest,"[Paris,",,between 1225 and 1275],1225-1275,http://vocab.getty.edu/aat/300404505,,,"","",Medical miscellany,"","Codices.|Illuminations.|Treatises.|Manuscripts, Latin--13th century.|Manuscripts, Medieval.",,"Dominicans--In art.|Medicine--Early works to 1800.|Medicine, Medieval.|Fever--Early works to 1800.",,"Israeli, Isaac, approximately 832-approximately 932.","",,"","",,"","",,Latin.,lat,"Dysart, Lionel Tollemache, Earl of, 1708-1770,|Tollemache, Bentley Lyonel John Tollemache, Baron, 1883-1955,|Robinson, Philip,",||,,,parchment ;,Extent: 149 leaves : parchment ; 278 x 196 (188 x 125-127) mm. bound to 293 x 211 mm.,,2022-02-08T17:47:37-05:00,2021-10-11
,,,marc-xml,Q49117,University of Pennsylvania,LJS 198|9953161073503681,https://franklin.library.upenn.edu/catalog/FRANKLIN_9953161073503681,,"[Spain,",,between 1350 and 1380],1350-1380,http://vocab.getty.edu/aat/300404506,,,"","",De simplicibus,"","Codices.|Treatises.|Manuscripts, Latin--14th century.|Manuscripts, Medieval.",,"Materia medica, Vegetable--Early works to 1800.|Medicinal plants--Early works to 1800.|Medicine--Early works to 1800.|Medicine, Medieval.",,"Arnaldus, de Villanova, d. 1311.","",,"","",,"","",,Latin.,lat,"Stanitz, John D.,","",,,parchment ;,Extent: 21 leaves : parchment ; 178 x 135 (143 x 95) mm.,,2022-02-08T17:47:37-05:00,2021-10-11
,,,marc-xml,Q49117,University of Pennsylvania,LJS 204|9953161123503681,https://franklin.library.upenn.edu/catalog/FRANKLIN_9953161123503681,,"[Italy],",,1509.,1509,http://vocab.getty.edu/aat/300404510,,,"","",Shesh kenafayim,"","Codices.|Tables (documents)|Manuscripts, Hebrew--16th century.|Manuscripts, Renaissance.",,"Astronomy--Early works to 1800.|Astronomy, Medieval.|Jewish astronomy--Early works to 1800.",,"Bonfils, Immanuel ben Jacob, 14th cent.","",,"","",,"Gallico, Joseph ben Isaac, 16th century,","",,Hebrew.,heb,"Sassoon, David Solomon, 1880-1942,|Stanitz, John D.,",|,,,parchment ;,Extent: 27 leaves : parchment ; 164 x 116 (111 x 81) mm. bound to 172 x 127 mm.,,2022-02-08T17:47:37-05:00,2021-10-11
,,,marc-xml,Q49117,University of Pennsylvania,LJS 242|9954084983503681,https://franklin.library.upenn.edu/catalog/FRANKLIN_9954084983503681,,"[Paris],",,1470.,1470,http://vocab.getty.edu/aat/300404465,,,"","",Basis grammatice,"","Codices.|Commentaries.|Treatises.|Manuscripts, Latin--15th century.|Manuscripts, Renaissance.",,Latin language--Grammar--Early works to 1500.,,"Tardif, Guillaume, b. 1440.","",,"","",,"","",,"Latin, with some French translations in the first conjugation table (f. 8r-9r).",lat|fre,"Marriette, Charles, 15th cent.,","",,,parchment ;,Extent: 20 leaves : parchment ; 198 x 138 (138 x 75) mm. bound to 205 x 148 mm.,,2022-02-08T17:47:37-05:00,2021-10-11
,,,marc-xml,Q49117,University of Pennsylvania,LJS 422|9954448733503681,https://franklin.library.upenn.edu/catalog/FRANKLIN_9954448733503681,,"[Iran],",,[between 1500 and 1599],1500-1599,http://vocab.getty.edu/aat/300404510,,,"","",Haft paykar.,هفت پيکر.,"Manuscripts, Persian--16th century.|Manuscripts, Renaissance.|Codices (bound manuscripts)|Romances (document genre)|Fiction.|History.",,"Bahrām--V,--King of Iran,---438.|Bahrām--V,--King of Iran,---438.|Storytelling.|Iran--History--To 640--Poetry.|Iran.",,"Niẓāmī Ganjavī, 1140 or 1141-1202 or 1203.",‏نظامى گنجوى،‏ 1140 یا 1141-1202 یا 1203.,,"","",,"","",,Persian.,per,"Phillipps, Thomas, Sir, 1792-1872,|Schoenberg, Lawrence J.,",|,,,"paper, color illustrations ;","Extent: 68 leaves : paper, color illustrations ; 248 x 158 (166 x 88) mm bound to 248 x 166 mm.",,2022-02-08T17:47:37-05:00,2021-10-11
,,,marc-xml,Q49117,University of Pennsylvania,LJS 108|9957602663503681,https://franklin.library.upenn.edu/catalog/FRANKLIN_9957602663503681,,"",,"",1220,http://vocab.getty.edu/aat/300404505,,,Interpretationes Hebraicorum nominum.,"","Manuscript leaf from Interpretationes Hebraicorum nominum,","","Fragments.|Excerpts.|Etymological dictionaries.|Glossaries.|Manuscripts, Latin--13th century.|Manuscripts, Medieval.",,Hebrew language--Etymology--Early works to 1800.,,"","",,"","",,"","",,Latin.,lat,"Leeche, John, 14th century,|Barker-Benfield, B. C.,|Lanthony Priory (Gloucestershire, England),",||,,,parchment ;,Extent: 1 item (1 leaf) : parchment ; 206 x 150 (145 x 115) mm.,,2022-02-08T17:47:37-05:00,2021-10-11
,,,marc-xml,Q49117,University of Pennsylvania,Oversize LJS 212|9957604903503681,https://franklin.library.upenn.edu/catalog/FRANKLIN_9957604903503681,,"",,"",1380,http://vocab.getty.edu/aat/300404506,,,"","","Manuscript leaf from expense records,","","Fragments.|Accounts.|Manuscripts, French--14th century.|Manuscripts, Medieval.",,Accounting--France--14th century.|Mills and mill-work--Early works to 1800.|Textile industry--France--Early works to 1800.|Poligny (France),,"","",,"","",,"","",,Middle French.,frm,"Stanitz, John D.,","",,,parchment ;,Extent: 1 parchment ; 430 x 298 mm.,,2022-02-08T17:47:37-05:00,2021-10-11
,,,marc-xml,Q49117,University of Pennsylvania,LJS 264|9957607433503681,https://franklin.library.upenn.edu/catalog/FRANKLIN_9957607433503681,,"[France,",,ca. 1400],1400,http://vocab.getty.edu/aat/300404465,,,Image du monde.,"",Ymage du monde,"","Codices.|Diagrams.|Illuminations.|Poems.|Manuscripts, French--14th century.|Manuscripts, French--15th century.|Manuscripts, Medieval.|Manuscripts, Renaissance.",,"Astronomy--Early works to 1800.|Cosmology--Early works to 1800.|Geography--Early works to 1800.|Geography, Medieval.",,"","",,"","",,"","",,Middle French.,frm,"Court, Benoît de,|Court, Antoine de, 16th cent.,|Gaignières, Jehan de, 16th cent.,",||,,,parchment ;,Extent: 132 leaves : parchment ; 210 x 153 (144 x 80) mm. bound to 220 x 160 mm.,,2022-02-08T17:47:37-05:00,2021-10-11
,,,marc-xml,Q49117,University of Pennsylvania,Oversize LJS 177|9958279783503681,https://franklin.library.upenn.edu/catalog/FRANKLIN_9958279783503681,,"[Italy,",,ca. 1586-1760],1586-1760,http://vocab.getty.edu/aat/300404510-http://vocab.getty.edu/aat/300404511-http://vocab.getty.edu/aat/300404512,,,"","",Paludi Pontine,"","Codices.|Accounts.|Maps.|Reports.|Finding tabs.|Hybrid books.|Manuscripts, Italian--16th century.|Manuscripts, Italian--17th century.|Manuscripts, Italian--18th century.|Manuscripts, Renaissance.|Manuscripts, European.",,Rome (Italy).--Maestri delle Strade.|Aqueducts--Italy--Rome--Early works to 1800.|City planning--Italy--Rome--Early works to 1800.|Pontine Marshes (Italy)|Sermoneta (Italy)|Cisterna di Latina (Italy),,"","",,"","",,"","",,Italian and Latin.,ita|lat,"Millini, Pietro,|North, Frederick, Earl of Guilford, 1766-1827,|Phillipps, Thomas, Sir, 1792-1872,|Stanitz, John D.,",|||,,,parchment and paper ;,Extent: 356 leaves : parchment and paper ; 275 x 205 mm. bound to 292 x 215 mm. (with fold-out documents and maps up to 427 x 600 mm.,,2022-02-08T17:47:37-05:00,2021-10-11
,,,marc-xml,Q49117,University of Pennsylvania,Oversize LJS 184|9958452103503681,https://franklin.library.upenn.edu/catalog/FRANKLIN_9958452103503681,,"[Catalonia],",,[between 1265 and 1299],1265-1299,http://vocab.getty.edu/aat/300404505,,,Etymologiae,"",Liber ethimologiarum,"","Codices.|Encyclopedias.|Illuminations.|Manuscripts, Latin--13th century.|Manuscripts, Medieval.",,Encyclopedias and dictionaries--Early works to 1600.,,"Isidore, of Seville, Saint, d. 636.","",,"","",,"","",,Latin.,lat,"Horblit, Harrison D.,|Stanitz, John D.,|Schoenberg, Lawrence J.,|Poblet (Monastery),",|||,,,parchment ;,Extent: 184 leaves : parchment ; 356 x 242 (234 x 160) mm. bound to 357 x 246 mm.,,2022-02-08T17:47:37-05:00,2021-10-11
,,,marc-xml,Q49117,University of Pennsylvania,LJS 195|9958589513503681,https://franklin.library.upenn.edu/catalog/FRANKLIN_9958589513503681,,"[Germany,",,between 1450 and 1499],1450-1499,http://vocab.getty.edu/aat/300404465,,,"","",Medical miscellany,"","Codices.|Anthologies.|Manuscripts, German--15th century.|Manuscripts, Medieval.|Manuscripts, Renaissance.",,"Medicine--Early works to 1800.|Medicine--Formulae, receipts, prescriptions--Early works to 1800.|Medicine, Medieval.|Pigments--Early works to 1800.|Plague--Early works to 1800.",,"","",,"","",,"","",,"Middle High German, with some Latin.",gmh|lat,"Fugger, Ulricus, 1526-1584,|Stanitz, John D.,",|,,,paper ;,Extent: 326 leaves : paper ; 148 x 96 (119-124 x 75-80) mm. bound to 155 x 116 mm.,,2022-02-08T17:47:37-05:00,2021-10-11
,,,marc-xml,Q49117,University of Pennsylvania,LJS 172|9958778333503681,https://franklin.library.upenn.edu/catalog/FRANKLIN_9958778333503681,,"[Austria or Hungary,",,circa 1476],1476,http://vocab.getty.edu/aat/300404465,,,"","",Tabulae directionum et profectionum,"","Codices.|Tables (documents)|Manuscripts, Latin--15th century.|Manuscripts, Renaissance.",,Astronomy--Early works to 1800.|Astronomy--Tables.,,"Regiomontanus, Joannes, 1436-1476.","",,"","",,"Kuppferberg, Johannes de,","",,Latin.,lat,"Horblit, Harrison D.,|Stanitz, John D.,",|,,,parchment and paper ;,Extent: 95 leaves : parchment and paper ; 214 x 142 mm. bound to 220 x 152 (170 x 98) mm.,,2022-02-08T17:47:37-05:00,2021-10-11
,,,marc-xml,Q49117,University of Pennsylvania,LJS 220|9958854883503681,https://franklin.library.upenn.edu/catalog/FRANKLIN_9958854883503681,,"[France,",,between 1475 and 1490],1475-1490,http://vocab.getty.edu/aat/300404465,,,"","",Recueil de diverses recettes médécinales,"","Codices.|Prescriptions.|Recipes.|Manuscripts, French--15th century.|Manuscripts, Medieval.|Manuscripts, Renaissance.",,"Medicine--Early works to 1800.|Medicine--Formulae, receipts, prescriptions--Early works to 1800.",,"","",,"","",,"","",,"Middle French, with some sections in Latin (f. 77r-81v, 85v-87r, 93r-98r, 137v, 141r).",frm|lat,"","",,,paper ;,Extent: 147 leaves : paper ; 200 x 144 (138 x 85) mm. bound to 208 x 150 mm.,,2022-02-08T17:47:37-05:00,2021-10-11
,,,marc-xml,Q49117,University of Pennsylvania,LJS 236|9958895573503681,https://franklin.library.upenn.edu/catalog/FRANKLIN_9958895573503681,,"[Italy,",,ca. 1450-1499],1450-1499,http://vocab.getty.edu/aat/300404465,,,"","",Thesaurus pauperum ... etc.,"","Codices.|Diagrams.|Drawings.|Prescriptions.|Recipes.|Manuscripts, Latin--15th century.|Manuscripts, Italian--15th century.|Manuscripts, Renaissance.",,"Medicine--Early works to 1800.|Medicine--Formulae, receipts, prescriptions--Early works to 1800.",,"John XXI, Pope, -1277","",,"","",,"","",,"Latin, with one section (f. 267r-272r) and some recipes, notes, and names in Italian.",lat,"","",,,"paper, ill. ;","Extent: 233 leaves : paper, ill. ; 147 x 104 (92-95 x 66-69) mm. bound to 147 x 118 mm.",,2022-02-08T17:47:37-05:00,2021-10-11
,,,marc-xml,Q49117,University of Pennsylvania,Oversize LJS 255|9959171953503681,https://franklin.library.upenn.edu/catalog/FRANKLIN_9959171953503681,,"",,"",1425-1475,http://vocab.getty.edu/aat/300404465,,,De casibus virorum illustrium.,"",Manuscript leaf from De casibus virorum illustrium,"","Fragments.|Illuminations.|Translations.|Manuscripts, French--15th century.|Manuscripts, Medieval.|Manuscripts, Renaissance.",,Phaedra (Greek mythology) in literature.|Theseus (Greek mythology) in literature.,,"Boccaccio, Giovanni, 1313-1375.","",,"","",,"","",,In Middle French.,frm,"","",,,parchment ;,Extent: 1 leaf : parchment ; 330 x 296 mm.,,2022-02-08T17:47:37-05:00,2021-10-11
,,,marc-xml,Q49117,University of Pennsylvania,Oversize LJS 224|9959387343503681,https://franklin.library.upenn.edu/catalog/FRANKLIN_9959387343503681,,"[Verona?, Italy,",,between 1425 and 1475],1425-1475,http://vocab.getty.edu/aat/300404465,,,"","",Expositio in libros Posteriorum Aristotelis,"","Codices.|Commentaries.|Diagrams.|Drawings (visual works)|Manuscripts, Latin--15th century.|Manuscripts, Renaissance.",,Aristotle.--Posterior analytics--Early works to 1800.|Aristotle--Criticism and interpretation--Early works to 1800.|Jesus Christ--Art.|Logic--Early works to 1800.,,"Paolo, Veneto, approximately 1370-1428.","",,"","",,"","",,Latin.,lat,"","",,,paper ;,Extent: 150 leaves : paper ; 286 x 217 (180-184 x 135-145) mm. bound to 302 x 230 mm.,,2022-02-08T17:47:37-05:00,2021-10-11
,,,marc-xml,Q49117,University of Pennsylvania,LJS 229|9959415183503681,https://franklin.library.upenn.edu/catalog/FRANKLIN_9959415183503681,,"[Provence or Spain,",,between 1450 and 1499],1450-1499,http://vocab.getty.edu/aat/300404465,,,"","",Commentaries on Aristotle and Porphyry,"","Codices.|Commentaries.|Diagrams.|Manuscripts, Hebrew--15th century.|Manuscripts, Medieval.|Manuscripts, Renaissance.",,"Averroës,--1126-1198.--Talkhīṣ kitāb al-maqūlāt.|Averroës,--1126-1198.--Talkhīs kitāb al-ʻIbārah.|Averroës,--1126-1198.--Talkhīṣ madkhal Furfūriyūs.|Aristotle--Criticism and interpretation--Early works to 1800.|Aristotle.--Categoriae.|Aristotle.--De interpretatione.|Porphyry,--approximately 234-approximately 305.--Isagoge.|Logic--Early works to 1800.",,"","",,"","",,"","",,Hebrew.,heb,"","",,,paper ;,Extent: 119 leaves : paper ; 205 x 145 (144 x 95) mm. bound to 210 x 145 mm.,,2022-02-08T17:47:37-05:00,2021-10-11
,,,marc-xml,Q49117,University of Pennsylvania,Oversize LJS 234|9959419423503681,https://franklin.library.upenn.edu/catalog/FRANKLIN_9959419423503681,,"[France,",,before 1349],1349,http://vocab.getty.edu/aat/300404506,,,Physica,"",Liber phisicorum sive auditus phisici,"","Codices.|Commentaries.|Illuminations (visual works)|Manuscripts, Latin--14th century.|Manuscripts, Medieval.",,Aristotle--Criticism and interpretation--Early works to 1800.|Aristotle.--Physics--Early works to 1800.|Physics--Early works to 1800.|Physical sciences--Early works to 1800.,,"Albertus, Magnus, Saint, 1193?-1280.","",,"","",,"","",,Latin.,lat,"Vollbehr, Otto H. F. 1869-1946,|Honeyman, Robert B.,|Bergendal Collection,",||,,,parchment ;,Extent: 94 leaves : parchment ; 320 x 225 (242 x 170) mm. bound to 325 x 235 mm.,,2022-02-08T17:47:37-05:00,2021-10-11
,,,marc-xml,Q49117,University of Pennsylvania,Ms. Codex 1959|9962496313503681,https://franklin.library.upenn.edu/catalog/FRANKLIN_9962496313503681,,"",,[between 1600 and 1631?],1600-1631,http://vocab.getty.edu/aat/300404511,,,"","",Miftāḥ al-Falāḥ.,مفتاح الفلاح.,"Codices (bound manuscripts)|Manuscripts, Arabic--17th century.",,Religious life--Shīʻah--Early works to 1800.|Islam--Customs and practices--Early works to 1800.|Shiites--Customs and practices--Early works to 1800.,,"ʻĀmilī, Bahāʼ al-Dīn Muḥammad ibn Ḥusayn, 1547-1621.",عاملي، بهاء الدين محمد بن حسين، 1547-1621,,"","",,"","",,Arabic.,ara,"","",,,paper ;,Extent: 151 leaves : paper ; 170 x 100 (120 x 66) mm bound to 174 x 111 mm.,,2022-02-08T17:47:37-05:00,2021-09-29
,,,marc-xml,Q49117,University of Pennsylvania,Ms. Codex 1963|9962565163503681,https://franklin.library.upenn.edu/catalog/FRANKLIN_9962565163503681,,"",,A.H. 1186 (1772),1772,http://vocab.getty.edu/aat/300404512,,,"","",Ḥall al-ṭilsam wa-kashf al-sirr al-mubham,حل الطلسم وكشف السر المبهم.,"Codices (bound manuscripts)|Manuscripts, Arabic--18th century.",,Divination--Religious aspects--Early works to 1800.|Islamic magic--Early works to 1800.|Talismans--Religious aspects--Early works to 1800.|Alchemy--Early works to 1800.|Divination--Religious aspects--Islam.,,"Ghamrī, Aḥmad ibn Muḥammad, -1499 or 1500.",غمري، احمد بن محمد، -1499 أو 1500.,,"","",,"","",,Arabic.,ara,"","",,,paper ;,Extent: 40 leaves : paper ; 230 x 170 (170 x 90) mm bound to 235 x 187 mm.,,2022-02-08T17:47:37-05:00,2021-09-29
,,,marc-xml,Q49117,University of Pennsylvania,Ms. Codex 1962|9962793853503681,https://franklin.library.upenn.edu/catalog/FRANKLIN_9962793853503681,,[India?] ;,,A.H. 1323 (1905),1905,http://vocab.getty.edu/aat/300404514,,,"","",Ḥāshiyah ʻalá Sharḥ al-Saʻd ʻalá al-ʻAqāʼid al-Nasafīyah.,حاشية على شرح السعد على العقائد النسفية.,"Codices (bound manuscripts)|Commentaries.|Manuscripts, Arabic--20th century.",,"Nasafī, ʻUmar ibn Muḥammad,--1068?-1142.--ʻAqāʼid.|Taftāzānī, Masʻūd ibn ʻUmar,--1322-1389?--Sharḥ al-ʻAqāʾid al-Nasafīyah.|Islam--Doctrines--Early works to 1800.",,"Khayālī, Aḥmad ibn Mūsá, -1457?",خيالي، احمد بن موسى، -1457؟,,"","",,"Kilālī, Zubayr ibn Marḍ ,",كلالي، زبير بن مرض.,,Arabic.,ara,"","",,,paper ;,Extent: 46 leaves : paper ; 222 x 175 (160 x 110) mm bound to 228 x 180 mm.,,2022-02-08T17:47:37-05:00,2021-09-29
,,,marc-xml,Q49117,University of Pennsylvania,Ms. Codex 1964|9962793863503681,https://franklin.library.upenn.edu/catalog/FRANKLIN_9962793863503681,,[Iran?] ;,,[between 1725 and 1825?],1725-1825,http://vocab.getty.edu/aat/300404512-http://vocab.getty.edu/aat/300404513,,,"","",Questions and answers on Shiʻī religious philosophy and practice.,"","Codices (bound manuscripts)|Manuscripts, Arabic--18th century.",,Religious life--Shīʻah--Early works to 1800.|Islam--Customs and practices--Early works to 1800.|Shīʻah--Customs and practices--Early works to 1800.|Shīʻah--Miscellanea--Early works to 1800.|Shīʻah--Doctrines--Early works to 1800.,,"","",,"","",,"","",,Persian.,per,"","",,,paper ;,Extent: 40 leaves : paper ; 165 x 105 (115 x 72) mm bound to 171 x 113 mm.,,2022-02-08T17:47:37-05:00,2021-09-29
,,,marc-xml,Q49117,University of Pennsylvania,Ms. Codex 1743|9962793893503681,https://franklin.library.upenn.edu/catalog/FRANKLIN_9962793893503681,,"[Turkey],",,A.H. 1171 (1758),1758,http://vocab.getty.edu/aat/300404512,,,"","",Hādhā kitāb irshād /,هذا كتاب ارشاد /,"Manuscripts, Arabic--18th century.|Early works.",,Pillars of Islam--Early works to 1800.|Islam--Customs and practices--Early works to 1800.|Islam--Customs and practices.|Pillars of Islam.,,ʻAbd al-Ḍayf Mūsá ibn Walī ibn Ḥasan.,عبد الضيف موسى بن ولي بن حسن.,,"","",,"","",,"Arabic, with colophon in Arabic and Ottoman Turkish (in Arabic script, f. 8v).",ara,"","",,,paper ;,Extent: 8 leaves : paper ; 215 x 155 mm.,,2022-02-08T17:47:37-05:00,2021-09-29
,,,marc-xml,Q49117,University of Pennsylvania,Ms. Codex 1961|9962793903503681,https://franklin.library.upenn.edu/catalog/FRANKLIN_9962793903503681,,"",,[between 1650 and 1749?],1650-1749,http://vocab.getty.edu/aat/300404511-http://vocab.getty.edu/aat/300404512,,,"","",Jihat al-waḥdah.,جهة الوحدة.,"Codices (bound manuscripts)|Commentaries.|Manuscripts, Arabic--17th century.|Manuscripts, Arabic--18th century.",,"Fanārī, Muḥammad ibn Ḥamzah,--1350 or 1351-1430 or 1431.--Fawāʼid al-Fanārīyah.|Logic--Islamic Empire--Early works to 1800.|Arab logic--Early works to 1800.",,"Shirwānī, Muḥammad al-Amīn ibn Ṣadr al-Dīn, -1626 or 1627.",شرواني، محمد الامين بن صدر الدين، -1626 أو 1627.,,"","",,"","",,Arabic.,ara,"","",,,paper ;,Extent: 17 leaves : paper ; 207 x 135 (145 x 75) mm bound to 212 x 150 mm.,,2022-02-08T17:47:37-05:00,2021-09-29
,,,marc-xml,Q49117,University of Pennsylvania,Ms. Roll 1965|9962793913503681,https://franklin.library.upenn.edu/catalog/FRANKLIN_9962793913503681,,"",,[after 1950?],1950-1999,http://vocab.getty.edu/aat/300404514,,,Qurʼan.,قرآن.,al-Qurʼān.,القرآن.,"Scrolls (information artifacts)|Qurʼans.|Manuscripts, Arabic--20th century.",,"",,"","",,"","",,"","",,Arabic.,ara,"","",,,"paper, illuminations ;","Extent: 5 leaves : paper, illuminations ; 145 x 5 cm.",,2022-02-08T17:47:37-05:00,2021-09-29
,,,marc-xml,Q49117,University of Pennsylvania,Ms. Coll. 390|9962878673503681,https://franklin.library.upenn.edu/catalog/FRANKLIN_9962878673503681,,"",,"",1700-1850,http://vocab.getty.edu/aat/300404512-http://vocab.getty.edu/aat/300404513,,,Vedāntatattvaviveka,"","Tattvaviveka,","तत्त्वविवेक,","Commentaries.|Treatises.|Manuscripts, Sanskrit--18th century.|Manuscripts, Sanskrit--19th century.|Manuscripts--India--18th century.|Manuscripts--India--19th century.",,"Padmapādācārya,--active 8th century.--Pañcapādikā.|Advaita.|Vedanta.|Hindu philosophy.|Philosophy, Indic.",,Nr̥siṃhāśrama.,"",,"","",,"","",,In Sanskrit,san,"Gāḍagīla, Janārdana Koṇḍadeva,","",,,paper ;,Extent: 1 paper ; 12 x 31 cm.,,2022-02-08T17:47:37-05:00,2019-10-03
,,,marc-xml,Q49117,University of Pennsylvania,Ms. Coll. 390|9962905673503681,https://franklin.library.upenn.edu/catalog/FRANKLIN_9962905673503681,,"",,"",1700-1850,http://vocab.getty.edu/aat/300404512-http://vocab.getty.edu/aat/300404513,,,"","","Śārīrakamīmāṃsābhāṣya,","शारीरकमीमांसाभाष्य,","Commentaries.|Treatises.|Manuscripts, Sanskrit--18th century.|Manuscripts, Sanskrit--19th century.|Manuscripts--India--18th century.|Manuscripts--India--19th century.",,"Bādarāyaṇa.--Brahmasūtra.|Philosophy, Indic.|Hindu philosophy.|Vedanta.|Advaita.",,Śaṅkarācārya.,"",,"","",,"","",,In Sanskrit,san,"","",,,paper ;,Extent: 1 paper ; 16 x 30 cm.,,2022-02-08T17:47:37-05:00,2019-10-03
,,,marc-xml,Q49117,University of Pennsylvania,Ms. Coll. 390|9962984263503681,https://franklin.library.upenn.edu/catalog/FRANKLIN_9962984263503681,,"",,"",1860,http://vocab.getty.edu/aat/300404513,,,"","","Laghuvākyavṛttiprakāśikā,","लघुवाक्यवृत्तिप्रकाशिका,","Commentaries.|Treatises.|Manuscripts, Sanskrit--19th century.|Manuscripts--India--19th century.",,"Śaṅkarācārya.--Laghuvākyavr̥tti.|Advaita.|Vedanta.|Hindu philosophy.|Philosophy, Indic.",,Rāmānandasarasvatī.,"",,"","",,"","",,In Sanskrit,san,"","",,,paper ;,Extent: 1 paper ; 13 x 28 cm.,,2022-02-08T17:47:37-05:00,2019-10-03
,,,marc-xml,Q49117,University of Pennsylvania,Ms. Coll. 390|9962984323503681,https://franklin.library.upenn.edu/catalog/FRANKLIN_9962984323503681,,"",,"",1650-1799,http://vocab.getty.edu/aat/300404511-http://vocab.getty.edu/aat/300404512,,,"","","Tattvadīpaṇa,","तत्त्वदीपण,","Commentaries.|Treatises.|Manuscripts, Sanskrit--17th century.|Manuscripts, Sanskrit--18th century.|Manuscripts--India--17th century.|Manuscripts--India--18th century.",,"Advaita--Early works to 1800.|Vedanta--Early works to 1800.|Hindu philosophy--Early works to 1800.|Philosophy, Indic--Early works to 1800.",,"Akhaṇḍānanda, Muni.","",,"","",,"","",,In Sanskrit,san,"Gaṅgārāma,","",,,paper ;,Extent: 1 paper ; 13 x 29 cm.,,2022-02-08T17:47:37-05:00,2019-10-03
,,,marc-xml,Q49117,University of Pennsylvania,Ms. Coll. 390|9962986513503681,https://franklin.library.upenn.edu/catalog/FRANKLIN_9962986513503681,,"",,"",1700-1850,http://vocab.getty.edu/aat/300404512-http://vocab.getty.edu/aat/300404513,,,"","","Bhedadhikkāra,","भेदधिक्कार,","Commentaries.|Treatises.|Manuscripts, Sanskrit--18th century.|Manuscripts, Sanskrit--19th century.|Manuscripts--India--18th century.|Manuscripts--India--19th century.",,"Advaita.|Vedanta.|Hindu philosophy.|Philosophy, Indic.",,Nr̥siṃhāśrama.,"",,"","",,"","",,In Sanskrit,san,"Gāḍagīla, Janārdana Koṇḍadeva,","",,,paper ;,Extent: 1 paper ; 12 x 31 cm.,,2022-02-08T17:47:37-05:00,2019-10-03
,,,marc-xml,Q49117,University of Pennsylvania,Ms. Coll. 390|9962986713503681,https://franklin.library.upenn.edu/catalog/FRANKLIN_9962986713503681,,"",,"",1700-1850,http://vocab.getty.edu/aat/300404512-http://vocab.getty.edu/aat/300404513,,,Saṅkṣepaśārīraka.,"",Saṃkṣepaśārīraka.,"संक्षेपशारीरक,","Poems.|Commentaries.|Treatises.|Watermarks.|Manuscripts, Sanskrit--18th century.|Manuscripts, Sanskrit--19th century.|Manuscripts--India--18th century.|Manuscripts--India--19th century.",,"Bādarāyaṇa.--Brahmasūtra.|Śaṅkarācārya.--Śārīrakamīmāṃsābhāṣya.|Advaita.|Vedanta.|Hindu philosophy.|Philosophy, Indic.",,Sarvajñātman.,"",,"","",,"","",,In Sanskrit,san,"","",,,paper ;,Extent: 1 paper ; 12 x 31 cm.,,2022-02-08T17:47:37-05:00,2019-10-03
,,,marc-xml,Q49117,University of Pennsylvania,Ms. Coll. 390|9962986813503681,https://franklin.library.upenn.edu/catalog/FRANKLIN_9962986813503681,,"",,"",1700-1850,http://vocab.getty.edu/aat/300404512-http://vocab.getty.edu/aat/300404513,,,Saṅkṣepaśārīraka.,"",Saṃkṣepaśārīraka.,संक्षेपशारीरक.,"Poems.|Commentaries.|Treatises.|Watermarks.|Manuscripts, Sanskrit--18th century.|Manuscripts, Sanskrit--19th century.|Manuscripts--India--18th century.|Manuscripts--India--19th century.",,"Bādarāyaṇa.--Brahmasūtra.|Śaṅkarācārya.--Śārīrakamīmāṃsābhāṣya.|Advaita.|Vedanta.|Hindu philosophy.|Philosophy, Indic.",,Sarvajñātman.,"",,"","",,"","",,In Sanskrit,san,"","",,,paper ;,Extent: 1 paper ; 12 x 31 cm.,,2022-02-08T17:47:37-05:00,2019-10-03
,,,marc-xml,Q49117,University of Pennsylvania,Ms. Coll. 390|9962986913503681,https://franklin.library.upenn.edu/catalog/FRANKLIN_9962986913503681,,"",,"",1700-1850,http://vocab.getty.edu/aat/300404512-http://vocab.getty.edu/aat/300404513,,,Saṅkṣepaśārīraka.,"",Saṃkṣepaśārīraka.,संक्षेपशारीरक.,"Poems.|Commentaries.|Treatises.|Watermarks.|Manuscripts, Sanskrit--18th century.|Manuscripts, Sanskrit--19th century.|Manuscripts--India--18th century.|Manuscripts--India--19th century.",,"Bādarāyaṇa.--Brahmasūtra.|Śaṅkarācārya.--Śārīrakamīmāṃsābhāṣya.|Advaita.|Vedanta.|Hindu philosophy.|Philosophy, Indic.",,Sarvajñātman.,"",,"","",,"","",,In Sanskrit,san,"","",,,paper ;,Extent: 1 paper ; 12 x 31 cm.,,2022-02-08T17:47:37-05:00,2019-10-03
,,,marc-xml,Q49117,University of Pennsylvania,Ms. Coll. 390|9962986963503681,https://franklin.library.upenn.edu/catalog/FRANKLIN_9962986963503681,,"",,"",1700-1850,http://vocab.getty.edu/aat/300404512-http://vocab.getty.edu/aat/300404513,,,Saṅkṣepaśārīraka.,"",Saṃkṣepaśārīraka.,संक्षेपशारीरक.,"Poems.|Commentaries.|Treatises.|Watermarks.|Manuscripts, Sanskrit--18th century.|Manuscripts, Sanskrit--19th century.|Manuscripts--India--18th century.|Manuscripts--India--19th century.",,"Bādarāyaṇa.--Brahmasūtra.|Śaṅkarācārya.--Śārīrakamīmāṃsābhāṣya.|Advaita.|Vedanta.|Hindu philosophy.|Philosophy, Indic.",,Sarvajñātman.,"",,"","",,"","",,In Sanskrit,san,"","",,,paper ;,Extent: 1 paper ; 12 x 31 cm.,,2022-02-08T17:47:37-05:00,2019-10-03
,,,marc-xml,Q49117,University of Pennsylvania,Ms. Coll. 390|9962987793503681,https://franklin.library.upenn.edu/catalog/FRANKLIN_9962987793503681,,"",,"",1700-1850,http://vocab.getty.edu/aat/300404512-http://vocab.getty.edu/aat/300404513,,,"","",Śārīrakamīmāṃsābhāṣya.,शारीरकमीमांसाभाष्य.,"Commentaries.|Treatises.|Manuscripts, Sanskrit--18th century.|Manuscripts, Sanskrit--19th century.|Manuscripts--India--18th century.|Manuscripts--India--19th century.",,"Bādarāyaṇa.--Brahmasūtra.|Philosophy, Indic.|Hindu philosophy.|Vedanta.|Advaita.",,Śaṅkarācārya.,"",,"","",,"","",,In Sanskrit,san,"","",,,paper ;,Extent: 1 paper ; 17 x 31 cm.,,2022-02-08T17:47:37-05:00,2019-10-03
,,,marc-xml,Q49117,University of Pennsylvania,Ms. Coll. 390|9962991713503681,https://franklin.library.upenn.edu/catalog/FRANKLIN_9962991713503681,,"",,"",1700-1850,http://vocab.getty.edu/aat/300404512-http://vocab.getty.edu/aat/300404513,,,"","",Śārīrakamīmāṃsābhāṣya.,शारीरकमीमांसाभाष्य.,"Commentaries.|Treatises.|Manuscripts, Sanskrit--18th century.|Manuscripts, Sanskrit--19th century.|Manuscripts--India--18th century.|Manuscripts--India--19th century.",,"Bādarāyaṇa.--Brahmasūtra.|Philosophy, Indic.|Hindu philosophy.|Vedanta.|Advaita.",,Śaṅkarācārya.,"",,"","",,"","",,In Sanskrit,san,"","",,,paper ;,Extent: 1 paper ; 17 x 31 cm.,,2022-02-08T17:47:37-05:00,2019-10-03
,,,marc-xml,Q49117,University of Pennsylvania,Ms. Coll. 390|9962991893503681,https://franklin.library.upenn.edu/catalog/FRANKLIN_9962991893503681,,"",,"",1700-1850,http://vocab.getty.edu/aat/300404512-http://vocab.getty.edu/aat/300404513,,,"","",Vivaraṇatattvadīpaṇa.,विवरणतत्त्वदीपण.,"Commentaries.|Treatises.|Manuscripts, Sanskrit--18th century.|Manuscripts, Sanskrit--19th century.|Manuscripts--India--18th century.|Manuscripts--India--19th century.",,"Advaita.|Vedanta.|Hindu philosophy.|Philosophy, Indic.",,"Akhaṇḍānanda, Muni.","",,"","",,"","",,In Sanskrit,san,"Aditya Bahadur Dinha, Mahārāja,","",,,paper ;,Extent: 1 paper ; 12 x 28 cm.,,2022-02-08T17:47:37-05:00,2019-10-03
,,,marc-xml,Q49117,University of Pennsylvania,Oversize Ms. Codex 1892|9969738033503681,https://franklin.library.upenn.edu/catalog/FRANKLIN_9969738033503681,,"",,[between 1650 and 1699?],1650-1699,http://vocab.getty.edu/aat/300404511,,,"","",Abridged history of Arab dynasties.,"","Codices (bound manuscripts).|Abridgements.|Manuscripts, Arabic--17th century.",,Islamic Empire--History.|Islamic Empire--Kings and rulers.,,"","",,"","",,"","",,Arabic.,ara,"Makiya, Mohamed,","",,,paper ;,Extent: 150 leaves : paper ; 300 x 205 (204 x 115) mm bound to 300 x 204 mm.,,2022-02-08T17:47:37-05:00,2021-09-29
,,,marc-xml,Q49117,University of Pennsylvania,Ms. Codex 1893.|9969738073503681,https://franklin.library.upenn.edu/catalog/FRANKLIN_9969738073503681,,"[Syria?],",,A.H. 1233 (1818),1818,http://vocab.getty.edu/aat/300404513,,,"","",al-Fatḥ al-ẓāhir wa-al-naṣr al-bāhir fī fann ramy al-ṭūb wa-al-qunburah.,الفتح الظاهر والنصر الباهر في فن رمي الطوب والقنبرة.,"Manuscripts, Arabic--19th century.|Codices (bound manuscripts)|Diagrams.|Tables (documents)",,"Artillery--History.|Turkey--History--Ottoman Empire, 1288-1918.",,"ʻAṭṭār, Muḥammad ibn Ḥusayn, 1764-1827 or 1828.",عطار، محمد بن حسين، 1764-1827 or 1828,,"","",,"","",,Arabic.,ara,"Makiya, Mohamed,","",,,"paper, illustrations ;","Extent: 21 leaves : paper, illustrations ; 216 x 156 mm bound to 218 x 158 mm.",,2022-02-08T17:47:37-05:00,2021-09-29
,,,marc-xml,Q49117,University of Pennsylvania,Ms. Codex 1958|9970745763503681,https://franklin.library.upenn.edu/catalog/FRANKLIN_9970745763503681,,"[India?],",,"A.H. 1224, 1259 (1809, 1843)",1809-1843,http://vocab.getty.edu/aat/300404513,,,Inshā-yi Mādhava Rāma.,"",Inshā-yi Mādhava Rāma. Inshā-yi Dilkushā.,انشاى مادهو‌ رام. انشاى دلکشا.,"Codices (bound manuscripts)|Manuscripts, Persian--19th century.|Manuals (instructional materials)",,"Letter writing, Persian.|Persian prose literature.|Persian letters.",,Mādhava Rāma.,مادهو رام.,,"","",,"","",,Persian.,per,"Sohoni, Pushkar,","",,,paper ;,Extent: 133 leaves : paper ; 253 x 165 (201 x 100; 220 x 120) mm bound to 258 x 170 mm.,,2022-02-08T17:47:37-05:00,2021-09-29
,,,marc-xml,Q49117,University of Pennsylvania,Ms. Indic 6|9972460113503681,https://franklin.library.upenn.edu/catalog/FRANKLIN_9972460113503681,,"[India,",,between 1800 and 1850?],1800-1850,http://vocab.getty.edu/aat/300404513,,,Puranas.,"",Bisnu Purān.,بسن پران.,"Poems.|Paintings (visual works)|Miniatures (paintings)|Manuscripts, Persian--19th century.|Manuscripts--India--19th century.|Manuscripts.",,Vishnu (Hindu deity)|Hindu mythology.|Avatars (Religion)|Avatars (Religion)|Hindu mythology.|Vishnu (Hindu deity),,"","",,"","",,"","",,Persian.,per,"Bourelier, Françoise,|Bourelier, Claude,",|,,,"paper, illustrations ;","Extent: 136, 4 leaves : paper, illustrations ; 300 x 180 (210 x 110) mm bound to 308 x 190 mm.",,2022-02-08T17:47:37-05:00,2021-09-29
,,,marc-xml,Q49117,University of Pennsylvania,Ms. Codex 1895|9977325732103681,https://franklin.library.upenn.edu/catalog/FRANKLIN_9977325732103681,,"[Turkey],",,A.H. 956 (1549),1549,http://vocab.getty.edu/aat/300404510,,,Akhtarī kabīr.,"",Kalimāt ʻarabīyah ʻalá tartīb ḥurūf al-tahajjī.,كلمات عربية على ترتيب حروف التهجي.,"Dictionaries.|Codices (bound manuscripts)|Manuscripts, Arabic--16th century.|Manuscripts, Turkish--16th century.",,Arabic language--Dictionaries--Turkish.,,"Akhtarī, Muṣṭafá ibn Aḥmad, -1560 or 1561.",اختري، مصطفى بن احمد.,,"","",,"Ibn Barī Khān, ʻAbd al-Fattāḥ,",ابن بري خان، عبد الفتاح.,,"Arabic headwords, Ottoman definitions.",ara|ota,"","",,,paper ;,Extent: 206 leaves : paper ; 205 x 148 mm (145 x 90) mm bound to 212 x 155 mm.,,2022-02-08T17:47:37-05:00,2021-09-29
,,,marc-xml,Q49117,University of Pennsylvania,Ms. Codex 1894|9977325732203681,https://franklin.library.upenn.edu/catalog/FRANKLIN_9977325732203681,,"",,A.H. 1204 (1789),1789,http://vocab.getty.edu/aat/300404512,,,Dalāʼil al-khayrāt.,دلائل الخيرات.,Dalāʼil al-khayrāt wa shawāriq al-anwār fī dhikr al-ṣalawāt ʻalá al-nabī al-mukhtār.,دلائل الخيرات و شوارق الانوار في ذكر الصلوات على النبي المختار.,"Codices (bound manuscripts)|Manuscripts, Arabic--18th century.|Illuminations (painting)|Miniatures (paintings)|Prayers (literary works)",,Islam--Prayers and devotions--Early works to 1800.|Prayer--Islam--Early works to 1800.|Medina (Saudi Arabia)--Pictorial works.,,"Jazūlī, Muḥammad ibn Sulaymān, 1404-1465.",جزولي، محمد بن سليمان، -1465.,,"","",,"ʻAshāfī, Ḥāfiẓ Muṣṭafá al-Nāfawī,",عشافي، حافظ مصطفى النافوي.,,Arabic.,ara,"","",,,"paper, illustrations, illuminations ;","Extent: 124 leaves : paper, illustrations, illuminations ; 185 x 120 (115 x 62) mm bound to 187 x 130 mm.",,2022-02-08T17:47:37-05:00,2021-09-29
,,,marc-xml,Q49117,University of Pennsylvania,Ms. Codex 1909|9977406946003681,https://franklin.library.upenn.edu/catalog/FRANKLIN_9977406946003681,,"",,[between 1750 and 1850?],1750-1850,http://vocab.getty.edu/aat/300404512-http://vocab.getty.edu/aat/300404513,,,Qurʼan.,قرآن.,al-Qurʼān.,القرآن.,"Codices (bound manuscripts)|Amulets.|Qurʼans.|Manuscripts, Arabic--18th century.|Manuscripts, Arabic--19th century.",,"",,"","",,"","",,"","",,Arabic.,ara,"Block, Gordon A., Jr., 1914-1973,","",,,"laid paper, illuminations ;","Extent: 146 leaves : laid paper, illuminations ; 47 x 47 (33 x 33) mm bound to 47 x 47 mm.",,2022-02-08T17:47:37-05:00,2021-09-29
,,,marc-xml,Q49117,University of Pennsylvania,Ms. Codex 1916|9977406946103681,https://franklin.library.upenn.edu/catalog/FRANKLIN_9977406946103681,,"[North Africa?],",,A.H. 1206 (1792),1792,http://vocab.getty.edu/aat/300404512,,,"","",Sharḥ Mukhtaṣar ʻalá Alfīyat Ibn Mālik.,شرح مختصر على ألفية ابن مالك.,"Codices (bound manuscripts)|Commentaries.|Manuscripts, Arabic--18th century.",,"Ibn Mālik, Muḥammad ibn ʻAbd Allāh,---1274.--Alfīyah.|Arabic language--Grammar--Early works to 1800.",,"Makkūdī, ʻAbd al-Raḥmān ibn ʻAlī, -1404 or 1405.",مكودي، عبد الرحمن بن علي، -1404 أو  1405.,,"","",,"","",,Arabic.,ara,"Jastrow, Marcus, 1829-1903,|Jastrow, Morris, Jr., 1861-1921,",|,,,paper ;,Extent: 214 leaves : paper ; 215 x 160 (140 x 95) mm bound to 215 x 170 mm.,,2022-02-08T17:47:37-05:00,2021-09-29
,,,marc-xml,Q49117,University of Pennsylvania,Ms. Codex 1918|9977406951103681,https://franklin.library.upenn.edu/catalog/FRANKLIN_9977406951103681,,"[Morocco?],",,[between 1500 and 1799?),1500-1799,http://vocab.getty.edu/aat/300404510-http://vocab.getty.edu/aat/300404511-http://vocab.getty.edu/aat/300404512,,,"","",Sirr al-asrār fī ʻilm al-āthār ; Shamsīyah fī al-kashf ʻan mā awdaʻ fī al-Jadāwil al-zahrīyah.,سر الاسرار في علم الاثار ؛ شمسية في الكشف عن ما أودع في الجداول الزهرية.,"Codices (bound manuscripts)|Tables (documents)|Manuscripts, Arabic--16th century.|Manuscripts, Arabic--17th century.|Manuscripts, Arabic--18th century.|Manuscripts, Medieval.",,Divination--Religious aspects--Islam.|Geomancy.,,"Shāfiʻī, Shams al-Dīn.",شافعي، شمس الدين.,,"","",,"","",,Arabic.,ara,"Williams, Talcott, 1849-1928,","",,,"paper, illustrations ;","Extent: 66 leaves : paper, illustrations ; 215 x 160 (175 x 110) mm bound to 215 x 170 mm.",,2022-02-08T17:47:37-05:00,2021-09-29
,,,marc-xml,Q49117,University of Pennsylvania,Ms. Codex 1917|9977406951203681,https://franklin.library.upenn.edu/catalog/FRANKLIN_9977406951203681,,"",,[between 1775 and 1825?],1775-1825,http://vocab.getty.edu/aat/300404512-http://vocab.getty.edu/aat/300404513,,,Qurʼan.,قرآن.,al-Qurʼān.,القرآن.,"Codices (bound manuscripts)|Illuminations (painting)|Qurʼans.|Manuscripts, Arabic--18th century.|Manuscripts, Arabic--19th century.",,"",,"","",,"","",,"","",,Arabic.,ara,"Camac, William, 1829-1900,","",,,"paper, illuminations ;","Extent: 198 leaves : paper, illuminations ; 100 x 60 (73 x 36) mm bound to 100 x 62 mm.",,2022-02-08T17:47:37-05:00,2021-09-29
,,,marc-xml,Q49117,University of Pennsylvania,Ms. Codex 1915|9977406951403681,https://franklin.library.upenn.edu/catalog/FRANKLIN_9977406951403681,,"[North Africa,",,between 1830 and 1899?],1830-1899,http://vocab.getty.edu/aat/300404513,,,"","",Natāj al-fikr fī kashf asrār al-Mukhtaṣar.,نتاج الفكر في كشف اسرار المختصر.,"Codices (bound manuscripts)|Commentaries.|Manuscripts, Arabic--19th century.",,"Khalīl ibn Isḥāq al-Jundī,---1365?--Mukhtaṣar.|Malikites.|Islamic law--Early works to 1800.",,"Zurqānī, ʻAbd al-Bāqī ibn Yūsuf, 1611-1688.",زرقاني، عبد الباقي بن يوسف.,,"","",,"","",,Arabic.,ara,"Jastrow, Marcus, 1829-1903,|Jastrow, Morris, Jr., 1861-1921,",|,,,paper ;,Extent: 318 leaves : paper ; 230 x 180 (150 x 105) mm bound to 230 x 185 mm.,,2022-02-08T17:47:37-05:00,2021-09-29
,,,marc-xml,Q49117,University of Pennsylvania,Ms. Codex 1914|9977406951603681,https://franklin.library.upenn.edu/catalog/FRANKLIN_9977406951603681,,"[Morocco?],",,A.H. 1106 (1695),1695,http://vocab.getty.edu/aat/300404511,,,"","",Sharḥ al-muqaddimah al-Qurṭubīyah... etc.,شرح المقدمة القرطبية... إلخ.,"Codices (bound manuscripts)|Poems.|Commentries.|Manuscripts, Arabic--17th century.",,Arabic language--Versification--Early works to 1800.|Malikites--Early works to 1800.|Arabic poetry--Early works to 1800.,,"","",,"","",,"","",,Arabic.,ara,"Jastrow, Morris, Jr., 1861-1921,|Jastrow, Marcus, 1829-1903,",|,,,paper ;,Extent: 141 leaves : paper ; 170 x 130 (130 x 80) mm bound to 170 x 140 mm.,,2022-02-08T17:47:37-05:00,2021-09-29
,,,marc-xml,Q49117,University of Pennsylvania,Ms. Codex 1904|9977406951903681,https://franklin.library.upenn.edu/catalog/FRANKLIN_9977406951903681,,"Malta,",,A.H. 1065 (1654),1654,http://vocab.getty.edu/aat/300404511,,,Qurʼan.,قرآن.,al-Qurʼān,القرآن,"Codices (bound manuscripts)|Illuminations (painting)|Qurʼans.|Manuscripts, Arabic--17th century.",,"",,"","",,"","",,"Fāsī, Muḥammad ibn ʻAbd al-Wāḥid ibn ʻAbd al-Qādir,",فاسي، محمد بن عبد الواحد بن عبد القادر.,,Arabic.,ara,"Block, Gordon A., Jr., 1914-1973,","",,,"paper, illuminations ;","Extent: 238 leaves : paper, illuminations ; 87 x 86 (63 x 57) mm bound to 87 x 92 mm.",,2022-02-08T17:47:37-05:00,2021-09-29
,,,marc-xml,Q49117,University of Pennsylvania,Ms. Codex 1903|9977406952003681,https://franklin.library.upenn.edu/catalog/FRANKLIN_9977406952003681,,"[Turkey?],",,A.H. 1119 (1708),1708,http://vocab.getty.edu/aat/300404512,,,Qurʼan.,قرآن.,al-Qurʼān.,القرآن.,"Codices (bound manuscripts)|Illuminations (painting)|Qurʼans.|Manuscripts, Arabic--18th century.",,"",,"","",,"","",,"Lārndawī, ʻAbd Allāh al-Ḥusnī ibn al-Ḥājj ʻAbdī,",لارندوي، عبد الله الحسني بن الحاج عبدي.,,Arabic.,ara,"McClenahan, Jean P., 1908-1994,","",,,"paper, illuminations ;","Extent: 304 leaves : paper, illuminations ; 170 x 105 (115 x 65) mm bound to 170 x 123 mm.",,2022-02-08T17:47:37-05:00,2021-09-29
,,,marc-xml,Q49117,University of Pennsylvania,Ms. Codex 1902|9977406952203681,https://franklin.library.upenn.edu/catalog/FRANKLIN_9977406952203681,,"",,[between 1830 and 1899?],1830-1899,http://vocab.getty.edu/aat/300404513,,,"","",Devotional book.,"","Codices (bound manuscripts)|Illuminations (painting)|Prayers (literary works)|Manuscripts, Arabic--19th century.|Manuscripts, Arabic--18th century.",,Islam--Prayers and devotions.|Prayer--Islam.,,"","",,"","",,"Ḥāfiẓ al-Qurʼan, Aḥmad,",حافظ القرأن، احمد.,,Arabic.,ara,"McClenahan, Jean P., 1908-1994,","",,,"paper, illuminations ;","Extent: 101 leaves : paper, illuminations ; 170 x 105 (115 x 65) mm bound to 170 x 120 mm.",,2022-02-08T17:47:37-05:00,2021-09-29
,,,marc-xml,Q49117,University of Pennsylvania,Ms. Codex 1901|9977406952303681,https://franklin.library.upenn.edu/catalog/FRANKLIN_9977406952303681,,"[Turkey?],",,A.H. 1258? (1842),1842-1842,http://vocab.getty.edu/aat/300404513,,,Qurʼan.,قرآن.,al-Qurʼān.,القرآن.,"Codices (bound manuscripts)|Illuminations (painting)|Qurʼans.|Manuscripts, Arabic--19th century.",,"",,"","",,"","",,"Ṣidqī, Khalīl,",صدقي، خليل.,,Arabic.,ara,"Swarthmore College,","",,,"paper, illuminations ;","Extent: 301 leaves : paper, illuminations ; 160 x 105 (102 x 52) mm bound to 162 x 115 mm.",,2022-02-08T17:47:37-05:00,2021-09-29
,,,marc-xml,Q49117,University of Pennsylvania,Oversize Ms. Codex 1897|9977406953003681,https://franklin.library.upenn.edu/catalog/FRANKLIN_9977406953003681,,"",,[between 1830 and 1899?],1830-1899,http://vocab.getty.edu/aat/300404513,,,Qurʼan.,قرآن.,al-Qurʼān.,القرآن.,"Codices (bound manuscripts)|Qurʼans.|Manuscripts, Arabic--18th century.|Manuscripts, Arabic--19th century.",,"",,"","",,"","",,"","",,Arabic.,ara,"Shore, Offley Bohun Stovin Fairless, 1863-1922,","",,,paper ;,Extent: 477 leaves : paper ; 295 x 185 (212 x 106) mm bound to 295 x 195 mm.,,2022-02-08T17:47:37-05:00,2021-09-29
,,,marc-xml,Q49117,University of Pennsylvania,Ms. Codex 1910|9977424453803681,https://franklin.library.upenn.edu/catalog/FRANKLIN_9977424453803681,,"",,A.H. 1259 (1878),1878,http://vocab.getty.edu/aat/300404513,,,Dalāʼil al-khayrāt.,دلائل الخيرات.,Dalāʼil al-khayrāt wa shawāriq al-anwār fī dhikr al-ṣalāh ʻalá al-nabī al-mukhtār.,دلائل الخيرات و شوارق الانوار في ذكر الصلوة على النبي المختار.,"Manuscripts, Arabic--19th century.|Codices (bound manuscripts)|Illuminations (painting)|Miniatures (paintings)|Prayers (literary works)",,"Muḥammad,--Prophet,---632--Devotional literature.|Islam--Prayers and devotions--Early works to 1800.|Prayer--Islam--Early works to 1800.|Mecca (Saudi Arabia)--Pictorial works.|Medina (Saudi Arabia)--Pictorial works.",,"Jazūlī, Muḥammad ibn Sulaymān, 1404-1465.",جزولي، محمد بن سليمان، -1465.,,"","",,"","",,Arabic with some marginalia in Persian.,ara|per,"Block, Gordon A., Jr., 1914-1973,","",,,"paper, illustrations, illuminations ;","Extent: 130 leaves : paper, illustrations, illuminations ; 207 x 133 (130 x 66) mm bound to 207 x 133 mm.",,2022-02-08T17:47:37-05:00,2021-09-29
,,,marc-xml,Q49117,University of Pennsylvania,Ms. Codex 1913|9977459936703681,https://franklin.library.upenn.edu/catalog/FRANKLIN_9977459936703681,,"",,[17-- or 18--?],1700-1899,http://vocab.getty.edu/aat/300404512-http://vocab.getty.edu/aat/300404513,,,"","",al-Risālah al-dāmighah lil-fāsiq... etc..,الرسالة الدامغة للفاسق... إلخ..,"Codices (bound manuscripts)|Sacred books.|Manuscripts, Arabic--18th century.|Manuscripts, Arabic--19th century.",,Druzes--Sacred books--Early works to 1800.|Druzes.,,"","",,"","",,"","",,Arabic.,ara,"","",,,paper ;,Extent: 108 leaves : paper ; 160 x 120 (130 x 110) mm bound to 160 x 120 mm.,,2022-02-08T17:47:37-05:00,2021-09-29
,,,marc-xml,Q49117,University of Pennsylvania,Ms. Codex 1912|9977459936903681,https://franklin.library.upenn.edu/catalog/FRANKLIN_9977459936903681,,"[India?],",,[18--?],1800-1899,http://vocab.getty.edu/aat/300404513,,,Puranas.,"",Bhāgavatapurāṇa.,بهگوت پوران.,"Codices (bound manuscripts)|Manuscripts, Persian--19th century.",,Hindu mythology.|Avatars (Religion),,"","",,"","",,"","",,Persian.,per,"","",,,paper ;,Extent: 171 leaves : paper ; 245 x 155 (190 x 105) mm bound to 250 x 158 mm.,,2022-02-08T17:47:37-05:00,2021-09-29
,,,marc-xml,Q49117,University of Pennsylvania,Misc Mss Box 24 Folder 4|9977459937003681,https://franklin.library.upenn.edu/catalog/FRANKLIN_9977459937003681,,"",,[between 1550 and 1699?],1550-1699,http://vocab.getty.edu/aat/300404510-http://vocab.getty.edu/aat/300404511,,,Qurʼan.,قرآن.,Qurʼān leaves.,"","Detached leaves.|Excerpts.|Manuscripts, Arabic--16th century.|Manuscripts, Arabic--17th century.",,"",,"","",,"","",,"","",,Arabic.,ara,"","",,,paper ;,Extent: 2 leaves : paper ; 230 x 160 (190 x 120) mm.,,2022-02-08T17:47:37-05:00,2021-09-29
,,,marc-xml,Q49117,University of Pennsylvania,Misc Mss Box 24 Folder 3|9977459937103681,https://franklin.library.upenn.edu/catalog/FRANKLIN_9977459937103681,,"",,[between 1550 and 1699?],1550-1699,http://vocab.getty.edu/aat/300404510-http://vocab.getty.edu/aat/300404511,,,"","",Selections from commentaries on Alfīyat Ibn Mālik.,"","Detached leaves.|Excerpts.|Manuscripts, Arabic--16th century.|Manuscripts, Arabic--17th century.",,"Ibn Mālik, Muḥammad ibn ʻAbd Allāh,---1274.--Alfīyah.|Arabic language--Grammar--Early works to 1800.",,"","",,"","",,"","",,Arabic.,ara,"","",,,paper ;,Extent: 3 leaves : paper ; 260 x 200 (160 x 110) mm.,,2022-02-08T17:47:37-05:00,2021-09-29
,,,marc-xml,Q49117,University of Pennsylvania,Oversize Ms. Codex 1952|9977459940003681,https://franklin.library.upenn.edu/catalog/FRANKLIN_9977459940003681,,"[India?] ,",,[between 1750 and 1825?],1750-1825,http://vocab.getty.edu/aat/300404512-http://vocab.getty.edu/aat/300404513,,,Khamsah.,خمسه.,Khamsah.,خمسه.,"Codices (bound manuscripts)|Poems.|Illuminations (painting)|Manuscripts, Persian--18th century.",,Persian literature--747-1500.,,"Niẓāmī Ganjavī, 1140 or 1141-1202 or 1203.",نظامى گنجوى، 1140 یا 1141-1202 یا 1203.,,"","",,"","",,Persian.,per,"Wylie, Theodore W. J. 1818-1897,","",,,"paper, illuminations ;","Extent: 289 leaves : paper, illuminations ; 331 x 175 (255 x 128) mm bound to 332 x 187 mm.",,2022-02-08T17:47:37-05:00,2021-09-29
,,,marc-xml,Q49117,University of Pennsylvania,Ms. Codex 1907|9977459940203681,https://franklin.library.upenn.edu/catalog/FRANKLIN_9977459940203681,,"",,[between 1700? and 1723],1700-1723,http://vocab.getty.edu/aat/300404512,,,Qurʼan.,قرآن.,al-Qurʼān.,القرآن,"Codices (bound manuscripts)|Illuminations (painting)|Qurʼans.|Manuscripts, Arabic--18th century.",,"",,"","",,"","",,"","",,Arabic.,ara,"Block, Gordon A., Jr., 1914-1973,","",,,"paper, illuminations ;","Extent: 224 leaves : paper, illuminations ; 113 x 70 (85 x 41) mm bound to 116 x 75 mm.",,2022-02-08T17:47:37-05:00,2021-09-29
,,,marc-xml,Q49117,University of Pennsylvania,Ms. Codex 1900|9977459940303681,https://franklin.library.upenn.edu/catalog/FRANKLIN_9977459940303681,,"[Iran?],",,A.H. 960 (1553),1553,http://vocab.getty.edu/aat/300404510,,,"","",al-Tuḥfah al-shāhīyah fī al-hayʼah.,التحفة الشاهية في الهيئة.,"Codices (bound manuscripts)|Diagrams.|Manuscripts, Arabic--16th century.",,"Astronomy--Early works to 1800.|Astronomy, Arab--Early works to 1800.",,"Quṭb al-Shīrāzī, Maḥmūd ibn Masʻūd, 1236 or 1237-1310 or 1311.",قطب الشيرازي، محمود بن مسعود، 1236 أو 1237-1310 أو 1311.,,"","",,"Iṣfahānī, Ṣ̣adr al-Dīn Muḥammad ibn Kamāl al-Dīn,",اصفهاني، صدر الدين محمد بن كمال الدين.,,Arabic.,ara,"Īrawānī, Qāsim,",ايرواني، قاسم.,,,"paper, illustrations ;","Extent: 164 leaves : paper, illustrations ; 215 x 125 (135 x 65) mm bound to 218 x 120 mm.",,2022-02-08T17:47:37-05:00,2021-09-29
,,,marc-xml,Q49117,University of Pennsylvania,Ms. Codex 1899|9977459940803681,https://franklin.library.upenn.edu/catalog/FRANKLIN_9977459940803681,,"[Turkey?],",,A.H. 1124 (1712),1712,http://vocab.getty.edu/aat/300404512,,,"","",Munshaʼāt-i Ḥaz̤rat-i Nābī Afandī,منشئات حضرت نابى افندى.,"Codices (bound manuscripts)|Letters (correspondence)|Illuminations (painting)|Manuscripts, Persian--18th century.",,"Nabi,--1641 or 1642-1712--Correspondence.|Turkey--History--1683-1829--Early works to 1800.|Turkey--Politics and government--17th century--Early works to 1800.",,"Nabi, 1641 or 1642-1712.",نابی، 1641 ياخود  1642-1712.,,"","",,"","",,Persian.,per,"Z̤amāqavī, Aḥmad Rifʻat ibn al-Ḥājj Muḥammad Fākhir,|Swarthmore College,",ضماقوى، احمد رفعت بن الحاج محمد فاخر.|,,,"paper, illuminations ;","Extent: 301 leaves : paper, illuminations ; 215 x 130 (140 x 68) mm bound to 217 x 135 mm.",,2022-02-08T17:47:37-05:00,2021-09-29
,,,marc-xml,Q49117,University of Pennsylvania,Ms. Codex 1898|9977459940903681,https://franklin.library.upenn.edu/catalog/FRANKLIN_9977459940903681,,"[Egypt?],",,A.H. 1181 (1767),1767,http://vocab.getty.edu/aat/300404512,,,"","",Kitāb al-Tawākiz al-muḥarrarah wa-al-ḍamāʼir al-mustakhbarah.,كتاب التواكز المحررة والضمائر المستخبرة.,"Codices (bound manuscripts)|Diagrams.|Tables (documents)|Manuscripts, Arabic--18th century.",,Divination--Early works to 1800.|Islamic magic--Early works to 1800.,,"ʻAjamī, Kurdī Sayyidī Maḥmūd.",عجمي، كردي سيدي محمود.,,"","",,"","",,Arabic.,ara,"Haussmann, Carl Frederick, 1871-,","",,,"paper, illustrations ;","Extent: 232 leaves : paper, illustrations ; 220 x 155 (160 x 110) mm bound to 220 x 155 mm.",,2022-02-08T17:47:37-05:00,2021-09-29
,,,marc-xml,Q49117,University of Pennsylvania,Oversize Ms. Codex 1896|9977459941003681,https://franklin.library.upenn.edu/catalog/FRANKLIN_9977459941003681,,"",,A.H. 1015 (1607),1607,http://vocab.getty.edu/aat/300404511,,,"","",Kanz al-daqāʼiq.,كنز الدقائق.,"Manuscripts, Arabic,--17th century.|Codices (bound manuscripts)|Blind tooled (decoration)",,Hanafites--Early works to 1800.|Islamic law--Early works to 1800.,,"Nasafī, ʻAbd Allāh ibn Aḥmad, -1310.",نسفي، عبد الله بن احمد، -1310.,,"","",,"","",,Arabic.,ara,"","",,,paper ;,Extent: 175 leaves : paper ; 300 x 200 (203 x 115) mm bound to 300 x 204 mm.,,2022-02-08T17:47:37-05:00,2021-09-29
,,,marc-xml,Q49117,University of Pennsylvania,Oversize Ms. Codex 1951|9977459941103681,https://franklin.library.upenn.edu/catalog/FRANKLIN_9977459941103681,,"[North Africa?],",,[between 1600 and 1799?],1600-1799,http://vocab.getty.edu/aat/300404511-http://vocab.getty.edu/aat/300404512,,,"","",Irshād al-sārī.,إرشاد الساري.,"Manuscripts, Arabic,--17th century.|Manuscripts, Arabic,--18th century.|Codices (bound manuscripts)|Commentaries.|Envelope flaps (features)|Onlays (decoration)",,"Bukhārī, Muḥammad ibn Ismāʻīl,--810-870.--Jāmiʻ al-ṣaḥīḥ.|Hadith--Criticism, interpretation, etc.--Early works to 1800.",,"Qasṭallānī, Aḥmad ibn Muḥammad, 1447 or 1448-1517 or 1518.",قسطلاني، احمد بن محمد، 1447 أو 1448-1517 أو 1518.,,"","",,"","",,Arabic.,ara,"","",,,paper ;,Extent: 227 leaves : paper ; 295 x 208 (230 x 140) mm bound to 295 x 225 mm.,,2022-02-08T17:47:37-05:00,2021-09-29
,,,marc-xml,Q49117,University of Pennsylvania,Ms. Codex 1911|9977508749303681,https://franklin.library.upenn.edu/catalog/FRANKLIN_9977508749303681,,"[Morocco],",,[between 1750 and 1850?],1750-1850,http://vocab.getty.edu/aat/300404512-http://vocab.getty.edu/aat/300404513,,,"","",al-Ḥawḍ. Baḥr al-dumūʻ.,الحوض. بحر الدموع.,"Codices (bound manuscripts)|Manuscripts, Tashelhit--18th century.|Manuscripts, Tashelhit--19th century.",,Islam--Customs and practices--Early works to 1800.|Islam--Doctrines--Early works to 1800.|Islamic law--Early works to 1800.|Tamazight poetry--Morocco--Texts.|Berber poetry--Morocco--Texts.,,"Hawzālī, Muḥammad ibn ʻAlī, -1748 or 1749.",هوزالي، محمد بن علي، 1748 أو 1749.,,"","",,"","",,Tashelhit / Shilha.,ber,"Williams, Talcott, 1849-1928,","",,,paper ;,Extent: 189 leaves : paper ; 230 x 170 (170 x 90) mm bound to 235 x 187 mm.,,2022-02-08T17:47:37-05:00,2021-09-29
,,,marc-xml,Q49117,University of Pennsylvania,Ms. Roll 1906|9977508749403681,https://franklin.library.upenn.edu/catalog/FRANKLIN_9977508749403681,,"",,A.H. 1239 (1823),1823,http://vocab.getty.edu/aat/300404513,,,"","",Haza rūznāme-yi Dārendevī.,هذا روز نامۀ دارندوى.,"Calendars (documents by form)|Scrolls (information artifacts)|Tables (documents)|Manuscripts, Turkish--19th century.",,Astronomy--Tables.|Islamic calendar.,,"Dārendevī, Muḥammad ibn Ismāʻīl, active 17th century-18th century",دارندوي، محمد بن اسماعىل، active 17th century-18th century.,,"","",,"Hikmetī, active 1823,",حكمتى، active 1823.,,Ottoman Turkish.,ota,"Block, Gordon A., Jr., 1914-1973,","",,,"parchment, illuminations, tables ;","Extent: 2 membranes : parchment, illuminations, tables ; 95 x 840 mm.",,2022-02-08T17:47:37-05:00,2021-09-29
