ds_id,date_added,date_last_updated,source_type,cataloging_convention,holding_institution_ds_qid,holding_institution_as_recorded,holding_institution_id_number,holding_institution_shelfmark,link_to_holding_institution_record,iiif_manifest,production_place_as_recorded,production_place_ds_qid,production_date_as_recorded,production_date,century,century_aat,dated,title_as_recorded,title_as_recorded_agr,uniform_title_as_recorded,uniform_title_agr,standard_title_ds_qid,genre_as_recorded,genre_ds_qid,subject_as_recorded,subject_ds_qid,author_as_recorded,author_as_recorded_agr,author_ds_qid,artist_as_recorded,artist_as_recorded_agr,artist_ds_qid,scribe_as_recorded,scribe_as_recorded_agr,scribe_ds_qid,associated_agent_as_recorded,associated_agent_as_recorded_agr,associated_agent_ds_qid,former_owner_as_recorded,former_owner_as_recorded_agr,former_owner_ds_qid,language_as_recorded,language_ds_qid,material_as_recorded,material_ds_qid,physical_description,note,acknowledgments,data_processed_at,data_source_modified,source_file
,,,ds-mets-xml,ds-mets,Q49295,Fordham University,MS Item 08,MS Item 08,https://archive.org/details/MSItem08_3,"","Italy, Emilia Romagna",Q134;Q1100,s. XIV(1); 1300-1350,1300^1350,14,http://vocab.getty.edu/aat/300404506,false,Metamorphoses,"","","",Q17583,"","","","",Ovid,"",Q41379,"","","","","","","","","","","","",Latin,Q113,parchment,Q33,"Number of scribes, ff. 1-4v: 1.|Script, ff. 1-4v: Gothic.|Layout, ff. 1-4v: 30 lines of verse ruled in lead.","Manuscript note: Binding fragments.|ff. 1-4v: Latin.|ff. 1-4v: Book 2, lines 677-800 (ff. 1-2v, consecutive); Book 8, lines 592-649 (f. 3r-v); Book 9, lines 1 - 50 (f. 4).|Incipit, ff. 1-4v: Excutit amplexus, adductaque bracchia solvit.|Explicit, ff. 1-4v: Delphice poscebat nam nec rescindere magni.","This description kindly prepared by M. Bruno, T. Gabe and J. Manning.",2025-05-19 14:00:11 -0400,2011-11-03T03:44:22,NNF-WSp_50_3_00129475.xml
,,,ds-mets-xml,ds-mets,Q49295,Fordham University,MS Item 19,MS Item 19,https://archive.org/details/MSItem19_3,"",Italy,Q134,s. XV; 1400-1499,1400^1499,15,http://vocab.getty.edu/aat/300404465,false,Epistulae Morales ad Lucilium,"","","",Q6025,"","","","",Seneca,"",Q6126,"","","","","","","","","","","","",Latin,Q113,parchment,Q33,"Other decoration, ff. 1-3v: 23 marginal nota bene hands.|Number of scribes, ff. 1-3v: 1.|Script, ff. 1-3v: Gothic.|Layout, ff. 1-3v: Two columns, 35 lines each; lead ruled; letter headings and first two-line-high initial in red; ruled space measures 202 x 135 mm.","Manuscript note: The folia were used for a 16th century binding and have the dates 1517-1536; some damage by glue; holes from a knife or needle.|ff. 1-3v: Latin.|ff. 1-3v: L. D. Reynolds, ed., Seneca Ad Lucilium Epistulae Morales(Oxford, 1965); incipit is from the earliest piece of text (Letter 93:4) and explicit is from the latest piece of text (Letter 101:2) although the material is not complete here in that range.|Incipit, ff. 1-3v: quaerendi et custodiendi scientia quarum.|Explicit, ff. 1-3v: multum pendeat, actu illam metiamur non tempore.",This description kindly prepared by Rachel Liptak.,2025-05-19 14:00:11 -0400,2011-11-03T03:48:20,NNF-WSp_50_3_00129522.xml
,,,ds-mets-xml,ds-mets,Q49295,Fordham University,MS Item 02,MS Item 02,https://archive.org/details/MSItem02_3,"",Italy,Q134,s. XI/XII; 1090-1110,1090^1110,11;12,http://vocab.getty.edu/aat/300404503;http://vocab.getty.edu/aat/300404504,false,Institutiones,"","","",Q100389,"","","","",Priscian,"",Q1555,"","","","","","","","","",Gift of Charles Allen Munn.,"",Q100350,Latin,Q113,parchment,Q33,"Binding: Not bound.|Other decoration, f. 1r-v: Initials in red ink as well as phrases at paragraph end.|Number of scribes, f. 1r-v: 1.|Script, f. 1r-v: Caroline minuscule.|Layout, f. 1r-v: 28 long lines, ruled in drypoint.","Manuscript note: Apparently re-used as register, marked ""A"" with the number ""15"" visible twice in upper right-hand corner of f. 1v most likely as part of a date. The word ""CAPO"" is written across the text of f. 1v. Folded; ripped along center.|f. 1r-v: Leaf was folded; most likely used as binding in another manuscript.|f. 1r-v: Latin.|f. 1r-v: Contains part of the section, ""De prepositione."" One side of the leaf very rubbed.|Incipit, f. 1r-v: et quasi una pars cum ea effertur quamvis per appositionem proferat.|Explicit, f. 1r-v: obtinet ut ante ora patrum.",This description kindly prepared by Elizabeth Anne Keohane.,2025-05-19 14:00:11 -0400,2011-11-03T03:50:03,NNF-WSp_50_3_00129523.xml
,,,ds-mets-xml,ds-mets,Q49295,Fordham University,MS 10,MS 10,https://archive.org/details/MS10_3,"","Germany, Saxony",Q131;Q19883,s. XVI(1); 1500-1550,1500^1550,16,http://vocab.getty.edu/aat/300404510,false,Modus Confitendi|Modus confitendi optimus et compendiosus sive generalis confessio edita per reverendum in christo patrem et dominum andream hispanum|Sequuntur de confessione specialia quedam et primo de penitencia|Confessional Manual|Verses,||||,||||,||||,Q100388|Q100388|Q39673|Q39927|Q18551,"","","","","Andres de Escobar, Bishop","",Q5127,"","","","","","","","","","Gift of Joseph Hopkins to Fordham University,1961.","","",Latin,Q113,paper,Q31,"Binding: Rebound in modern cardboard folder, last leaf glued to cover at the threading; sewn.|Other decoration, ff. 1r - 10v: Spaces reserved for large initials. A large initial O has been lightly sketched on f. 3r.|Number of scribes, ff. 1r - 10v: 2.|Script, ff. 1r - 10v: Text: Secretary; Headings: Humanistic.|Layout, ff. 1r - 10v: 1 column, line count varies. After f. 3v, there is a blank folio, and then 6 more folios with text. Margins are ruled in ink, lines are not ruled. Ink is brown. F. 10v has been used later for pen trials.|Watermarks, ff. 1r - 10v: Bull head with cross and snake; similar to Briquet 15400.","Manuscript note: The binding has been sewn along the center bifolia in three different sections. Only the top and center threads remain.|ff. 1r - 10v: Latin.|ff. 1r-3v: See GW 1818.|Explicit, ff. 1r-3v: Quoniam itaque omni confitenti necessarium est generalem confessionem dicere et facere cuius tanta virtus est.|ff. 4r-10r: Format is similar to John Myrck's Instructions for Parish Priests.|Explicit, ff. 4r-10r: Penitencia secundum ambrosium est mala prime ditata plangere et plancta <?> non committere.|f. 10v: Text is written later than the rest of the manuscript.|Explicit, f. 10v: Trium patite Iubilate, Psalmos vestros dekantantate, Christo nostro domino.",This description kindly prepared by Elizabeth Anne Keohane.,2025-05-19 14:00:11 -0400,2011-11-03T03:51:17,NNF-WSp_50_3_00129524.xml
,,,ds-mets-xml,ds-mets,Q49295,Fordham University,MS Item 18,MS Item 18,https://archive.org/details/MSItem18_3,"","Italy, Emilia Romagna",Q134;Q1100,s. XIV; 1300-1399,1300^1399,14,http://vocab.getty.edu/aat/300404506,false,Metamorphoses,"","","",Q17583,"","","","",Ovid,"",Q41379,"","","","","","","","","","","","",Latin,Q113,parchment,Q33,"Number of scribes, One leaf: 1.|Script, One leaf: Gothic.|Layout, One leaf: 19 long lines ruled in lead.","Manuscript note: Used as bookcover, faded, trimmed at top and left.|One leaf: Approximately 6 lines of text cut off at top.|One leaf: Latin.|f. 1r-v: Contains Book 1, lines 254-297.|Incipit, f. 1r-v: Figitur in viridi, si fors tulit anchora prato.|Explicit, f. 1r-v: Sed timuit ne forte sacer tot ab ignibus ether.",This description kindly prepared by Nicole Lopez-Jantzen.,2025-05-19 14:00:11 -0400,2011-11-03T03:51:40,NNF-WSp_50_3_00129525.xml
,,,ds-mets-xml,ds-mets,Q49295,Fordham University,MS 04,MS 04,https://archive.org/details/MS04_3,https://iiif.archive.org/iiif/bookofhours00cath/manifest.json,"France, Ile-de-France",Q122;Q38148,s. XV(1/4); 1400-1425,1400^1425,15,http://vocab.getty.edu/aat/300404465,false,Book of Hours,"","","",Q795,"","","","","","","","","","","","","","","","","Gift to Walsh Library in 1998; Rev. Theodore Cunnion, S.J. (1970-1998) through the agency of Br. Jensen, SJ (1998); Mary D. Reiss Library, Loyola Seminary at Shrub Oak, NY (1957 - 1970); St. Andrew-on-Hudson (1903 - 1957); Claudes Deix, 1716.","",Q76757,Latin; French,Q113;Q111,parchment,Q33,"Binding: Wooden boards with paper covers, probably original.|Figurative details, ff. 1-135v: Single illumination of Pentecost, featuring the apostle John(?) reading a book while the other apostles look on (f. 100v).|Other decoration, ff. 1-135v: Ivy leaf flourishing used to denote the beginning of a new section of text,major initials decorated with gold leaf and ivy flourishing, minor initials in the same hierarchy alternate colors.|Number of scribes, ff. 1-135v: 1?|Script, ff. 1-135v: Gothic; liturgical book hand.|Layout, ff. 1-135v: Single column, 13 lines. Ruled in faint red ink.","Manuscript note: The codex most likely came to the United States via the New York-Canada Jesuit Mission of the 19th century. Large ink stains on several folios.|Bibliography: Manning, Judging a Book by Its Covers.|ff. 1-135v: Possibly a mass produced book of hours, created at a commercial Parisian workshop. There are several modern hands in the codex (at least six).|ff. 1-135v: Latin.|ff. 1-135v: Calendar in French. On f. 11v, ""Saint Michel"" in lieu of ""Saint Andrieu"" for November 30.",This description kindly prepared by James Manning.,2025-05-19 14:00:11 -0400,2011-11-03T03:52:47,NNF-WSp_50_3_00129526.xml
,,,ds-mets-xml,ds-mets,Q49295,Fordham University,MS Item 13,MS Item 13,https://archive.org/details/MSItem13_3,"",Italy,Q134,s. XIV; 1300-1399,1300^1399,14,http://vocab.getty.edu/aat/300404506,false,Aeneid,"","","",Q5978,"","","","",Vergil,"",Q6128,"","","","","","","","","","","","",Latin,Q113,parchment,Q33,"Other decoration, ff. 1-2v: 31 alternating red and blue paragraph markers.|Number of scribes, ff. 1-2v: 1.|Script, ff. 1-2v: Pre-humanistic.|Layout, ff. 1-2v: 34 long lines ruled in ink.","Manuscript note: Binding fragment. Registrar note on verso: ""D 1526 1527 1528 1529."" Considerable damage on verso, making some text illegible.|ff. 1-2v: One bifolium.|ff. 1-2v: Latin.|ff. 1r-2v: Contains parts of Bks. 7, 8. On f. 2v, incipit, ""prodigia et vastum Nemeae sub rupe leonem..."", on f. 2r, explicit, ""Romanoque foro et lautis mugire carinis [...] ad sedes [...] inquit limina victor.""|Incipit, ff. 1r-2v: scuta sonant pulsuque pedum conterrita tellus.|Explicit, ff. 1r-2v: P[...] insignem palma peragimina curris.",This description kindly prepared by Gary Gabor.,2025-05-19 14:00:11 -0400,2011-11-03T03:52:58,NNF-WSp_50_3_00129527.xml
,,,ds-mets-xml,ds-mets,Q49295,Fordham University,MS Item 20,MS Item 20,https://archive.org/details/MSItem20_3,"",Italy,Q134,s. XIV; 1300-1399,1300^1399,14,http://vocab.getty.edu/aat/300404506,false,Metamorphoses,"","","",Q17583,"","","","",Ovid,"",Q41379,"","","","","","","","","","","","",Latin,Q113,parchment,Q33,"Number of scribes, f. 1r-v: 1.|Script, f. 1r-v: Gothic.|Layout, f. 1r-v: 31 lines of verse ruled in lead.","Manuscript note: Torn binding fragment. Registrar notes "" B "" & "" 1588 "" on 1r.|f. 1r-v: Latin.|Incipit, f. 1r-v: Pars secreta domus hebore et testudine cultes Tres habuit thalamos. Quor tu pandrase dextrum.|Explicit, f. 1r-v: Delphice poscebat. Nam nec rescindere magni Iussa iovis poteras. Nec si rescindere posses.",This description kindly prepared by Gary Gabor.,2025-05-19 14:00:11 -0400,2011-11-03T03:54:08,NNF-WSp_50_3_00129528.xml
,,,ds-mets-xml,ds-mets,Q49295,Fordham University,MS Item 12,MS Item 12,https://archive.org/details/MSItem12_3,"","Italy, Emilia Romagna",Q134;Q1100,s. XIV(4/4); 1375-1399,1375^1399,14,http://vocab.getty.edu/aat/300404506,false,Pharsalia,"","","",Q39930,"","","","",Lucan,"",Q41156,"","","","","","","","","","","","",Latin,Q113,parchment,Q33,"Other decoration, ff. 1-5: Representation possibly of Italy.|Number of scribes, ff. 1-5: 4.|Script, ff. 1-5: Gothic.|Layout, ff. 1-5: 30 long lines ruled in drypoint.","ff. 1-5: Latin.|ff. 1-5v: Reused as binding, portions of leather binding attached, with remains of pastedown, with later writing on remains of pastedown, accompanied by marginal notation in three hands dating from the 14 century. Widest extent of text: Book 2:404 - Book 3:469.|Incipit, ff. 1-5v: at saxum quotiens ingenti uerberis actu.|Explicit, ff. 1-5v: Fluminaque in gemini spargit divortia ponti.",This description kindly prepared by T. Gabe and Kate Lansky.,2025-05-19 14:00:11 -0400,2011-11-03T03:54:18,NNF-WSp_50_3_00129529.xml
,,,ds-mets-xml,ds-mets,Q49295,Fordham University,MS 11,MS 11,https://archive.org/details/MS11_3,"",Europe,Q1290,s. XVII(4/4)?; 1675-1699,1675^1699,17,http://vocab.getty.edu/aat/300404511,false,Philosophia Naturalis,"","","",Q20382,"","","","","","","","","","","","","","","","","Initials, P. S., on Illustration 1 and on p. 1. Note on Flyleaf: Gift of Tho Addi Sammet M.D. in 1906.","","",Latin,Q113,paper,Q31,"Binding: Two composite layers of leather with evidence of gilded title.|Number of scribes, ff. 1-150v: 1.|Script, ff. 1-150v: Late Hybrida.|Layout, ff. 1-150v: One column of text interupted by headings and diagrams.",ff. 1-150v: Latin.,This description kindly prepared by T. Gabe.,2025-05-19 14:00:11 -0400,2011-11-03T03:55:29,NNF-WSp_50_3_00129530.xml
,,,ds-mets-xml,ds-mets,Q49295,Fordham University,MS Item 04,MS Item 04,https://archive.org/details/MSItem04_3,"",Italy,Q134,s. XV(3/4); 1450-1475,1450^1475,15,http://vocab.getty.edu/aat/300404465,false,Sententiarum libri IV commentary,"","","",Q7516,"","","","",Thomas Aquinas,"",Q1919,"","","","","","","","","","Otto F. Ege (1888-1951). Acquired by Fordham University in August 2008 with the materials from Marymount College in Tarrytown, New York upon the closing of that school.","",Q808;Q100349,Latin,Q113,parchment,Q33,"Binding: Kept in a large ""window"" folder, typical of Ege leaves, with single red vertical bouding lines (the full length of the portfolio folder), and with double red horizontal bounding lines across the width of the window only; the folder measures 257 x 180.|Script, f. 1r-v: Humanistic.|Layout, f. 1r-v: 2 columns of 37 lines ruled in lead on the flesh side only?","f. 1r-v: Modern pencil foliation, ""127.""|f. 1r-v: Latin.|f. 1r-v: Contains Book 1, Distinctio 18, quaestio 1, art. 2-4 as printed in the edition by Roberto Coggi of Thomas Aquinas, Commento alle sentenze di Pietro Lombardo e testo integrale di Pietro Lombardovol. 1 (Bologna 2001) pp. 924-930.|Incipit, f. 1r-v: Pro quidquid habet spiritus sanctus per processionem secundum rationem intelligendi//.|Explicit, f. 1r-v: //oportet quod res illa relationem significet quia donum ut ratio dandi est amor, nec amor potest dari nisi respectu cuius habetur auctoritas.","",2025-05-19 14:00:11 -0400,2011-11-03T03:55:43,NNF-WSp_50_3_00129531.xml
,,,ds-mets-xml,ds-mets,Q49295,Fordham University,MS Item 01,MS Item 01,https://archive.org/details/MSItem01_3,"",England,Q133,"1273, October 15; s. XIII(3/4); 1250-1275",1250^1275,13,http://vocab.getty.edu/aat/300404505,true,"","","","","","","","","",Edward I of England,"",Q40571,"","","","","","","","","","","","",French,Q111,parchment,Q33,"","Two items: Measurements are of the larger of the two items; the smaller one measures 28 x 148. Both documents have a lozenge-shaped hole on the left from the method of storing documents.|Two items: Latin.|Two items: Interpretation of ""Edwardus"" on the document as Edward I, and therefore with the 10th year of his reign as 1273 is conjectural. The main document speaks of ""deux cedules"" although only one is attached.|Explicit, Two items: Edward I of England orders payment to Hugh de Keppes, with a schedule of details on the attached larger sheet. Date from Rock Chastel on 15 October in the 10th year of his reign.|Docket: Edward I of England orders payment to Hugh de Keppes, with a schedule of details on the attached larger sheet. Date from Rock Chastel on 15 October in the 10th year of his reign.","",2025-05-19 14:00:11 -0400,2011-11-03T03:56:57,NNF-WSp_50_3_00129532.xml
,,,ds-mets-xml,ds-mets,Q49295,Fordham University,Wooden Board 1,Wooden Board 1,https://archive.org/details/WoodenBoard1_3,"",Unknown,Q650,s. VI; 500-599,500^599,6,http://vocab.getty.edu/aat/300404498,false,Iliad,"","","",Q67268,"","","","",Homer,"",Q40898,"","","","","","","","","",Purchased in Cairo in 1982 from the dealer Achmed el-Schaer on behalf of Fordham University by Prof. L. Koenen (University of Michigan) and Dr. Bruce Kraut (University of Georgia).,"","",Greek,Q1318,wood,Q38,"Binding: Three iron fasteners holding two of the three parts together.|Number of scribes, NA: 2.",NA: Greek.|NA: Lines 7:21-28 and line 2:224 x19.,This description kindly prepared by T. Gabe.,2025-05-19 14:00:11 -0400,2011-11-03T03:57:16,NNF-WSp_50_3_00129533.xml
,,,ds-mets-xml,ds-mets,Q49295,Fordham University,MS Item 07,MS Item 07,https://archive.org/details/MSItem07_3,"",Italy,Q134,s. XIV; 1300-1399,1300^1399,14,http://vocab.getty.edu/aat/300404506,false,"Digest, commentary on","","","",Q100390,"","","","","","","","","","","","","",Justinian,"",Q1641,"","","",Latin,Q113,paper,Q31,"Number of scribes, ff. i + 1-8v: 1.|Script, ff. i + 1-8v: Hybrida.|Layout, ff. i + 1-8v: 2 columns ruled in dry point.","Manuscript note: Possibly eight consecutive lower portions of the pages in a gathering. Considerable damage to f. 8v makes it illegible; f. 9 faded to point of illegibility. Offsets from facing pages appear on all folia.|ff. i + 1-8v: Some possibility that the leaves were removed from the binding of Antonii Possevini, Societatis Iesu, Moscovia (Ex officina Christophori Plantini 1587), held by Fordham Special Collections (as SPEC COLL S.J. 1587 1).|ff. i + 1-8v: Latin.|ff. 1-8v: Commentary on the section of the Digestdealing with matters of inheritance rights and wardship (28.5 and 28.6). Order of presentation (and recto/verso designation) of the fragments is almost haphazard since no foliation or rubrics survive.",This description kindly prepared by Nathan Melson.,2025-05-19 14:00:11 -0400,2011-11-03T03:57:28,NNF-WSp_50_3_00129534.xml
,,,ds-mets-xml,ds-mets,Q49295,Fordham University,MS Item 26,MS Item 26,https://archive.org/details/MSItem26_3,"",Netherlands,Q651,s. XV(2); 1450-1499,1450^1499,15,http://vocab.getty.edu/aat/300404465,false,Book of Hours,"","","",Q795,"","","","","","","","","","","","","","","","","Gift to Walsh Library in 1998; Rev. Theodore Cunnion, S.J. (1970-1998); Mary D. Reiss Library, Loyola Seminary at Shrub Oak, NY (1957-1970); St. Andrew-on-Hudson Seminary (1903-1957).","",Q76757,Middle Dutch,Q10833,parchment,Q33,"Other decoration, f. 1r-v: Illuminated initial H and border acanthus leaves decorated in red, blue, green, and yellow. Initals of sentences in alternating blue and red.|Number of scribes, f. 1r-v: 1.|Script, f. 1r-v: Gothic.|Layout, f. 1r-v: 19 long lines.","Bibliography: N. Van Wijk, Het Getijdenboek van Geert Grote(Leiden 1940) p. 71 for the text on this leaf.|f. 1r-v: Latin.|f. 1: Leaf from a book of hours in the Dutch text of Geert Grote, with the beginning of the office of the Holy Spirit.|Incipit, f. 1: Verdrijf verre deum viant.|Explicit, f. 1: Here du salte op daen mijne lippen Ende mijn mont sal voertkundighen dijn lof.",This description kindly prepared by Nathan Melson.,2025-05-19 14:00:11 -0400,2011-11-03T04:10:07,NNF-WSp_50_3_00129535.xml
,,,ds-mets-xml,ds-mets,Q49295,Fordham University,MS Item 28,MS Item 28,https://archive.org/details/MSItem28_3,"",France?,Q122,s. XIII; 1200-1299,1200^1299,13,http://vocab.getty.edu/aat/300404505,false,"Bible, O. T., Genesis","","","",Q661;Q7274,"","","","","","","","","","","","","","","","","Gift to Walsh Library in 1998; Rev. Theodore Cunnion, S.J. (1970-1998); Mary D. Reiss Library, Loyola Seminary at Shrub Oak, NY (1957 - 1970); St. Andrew-on-Hudson (1903 - 1957).","",Q76757,Latin,Q113,parchment,Q33,"Other decoration, One leaf: 2 flourished initials for chapter headings (one blue with red fluting on verso, one red with green fluting on recto); red and blue chapter numberings, one on verso, one on recto.|Number of scribes, One leaf: 1.|Script, One leaf: Gothic.|Layout, One leaf: 2 columns of fifty lines each, lead ruled.","One leaf: Latin.|f. 1r-v: Genesis chapters 35-37.|Incipit, f. 1r-v: eum de manibus.|Explicit, f. 1r-v: in auribus eorum at ille.",This description kindly prepared by Nicole Lopez-Jantzen.,2025-05-19 14:00:11 -0400,2011-11-03T04:11:13,NNF-WSp_50_3_00129536.xml
,,,ds-mets-xml,ds-mets,Q49295,Fordham University,MS Item 14,MS Item 14,https://archive.org/details/MSItem14_3,"",Italy,Q134,s. XV; 1400-1499,1400^1499,15,http://vocab.getty.edu/aat/300404465,false,Metamorphoses,"","","",Q17583,"","","","",Ovid,"",Q41379,"","","","","","","","","","","","",Latin,Q113,parchment,Q33,"Other decoration, ff. 1-2v: Very minor flourishes around each capital.|Number of scribes, ff. 1-2v: 1.|Script, ff. 1-2v: Gothic.|Layout, ff. 1-2v: 32 line text block with two columns of commentary surrounding it. Commentary varies between 45 and 47 lines.","Manuscript note: Used as binding for another book. A date (1570-1572) appears on the parchment, as well as two large 'K's - remnants of the fragment's later use.|ff. 1-2v: The center bifolium of a quire, as shown by the continuous text.|ff. 1-2v: Latin.|ff. 1-2v: Contains Book 9, vv. 52-181; two rubrics on f. 1 in the commentary: ""De statua pigmaleonis eburnea et postea conversa ... "" and ""De Cinera cum quo ingnorante concubuit Mirra filia sua.""|Incipit, ff. 1-2v: Mors michi munus erit decet hec dare dona novercam.|Explicit, ff. 1-2v: Excutit amplexus adductaque bracchia solvit.",This description kindly prepared by Kate Lansky.,2025-05-19 14:00:11 -0400,2011-11-03T04:12:18,NNF-WSp_50_3_00129537.xml
,,,ds-mets-xml,ds-mets,Q49295,Fordham University,MS Item 23,MS Item 23,https://archive.org/details/MSItem23_3,"",France,Q122,s. XIV; 1300-1399,1300^1399,14,http://vocab.getty.edu/aat/300404506,false,Postillae in Ezekiel,"","","",Q39135,"","","","",Nicholas of Lyra,"",Q1922,"","","","","","","","","","","","",Latin,Q113,parchment,Q33,"Other decoration, ff. 1-3v: Large diagram on the top half of the last page, mapping out Jerusalem and its gates (north on the right); capitals in either blue or gold ink, with blue and red decoration. Running headlines across the opening, ""Ezechiel"" in blue and gold.|Number of scribes, ff. 1-3v: 1.|Script, ff. 1-3v: Gothic.|Layout, ff. 1-3v: Two columns of 66 lines ruled in dry point (ruling on hair side only?).","Bibliography: F. Stegmüller, Repertorium biblicum medii aevi(Madrid 1950-80) 4:5877 with a list of manuscripts. on p. 71 (the present fragment not recorded).|ff. 1-3v: Biblical text is underlined in red ink, and worked into the commentary. On f. 2, quire/leaf signature, ""s ii.""|ff. 1-3v: Latin.|ff. 1-3v: Compared against N. of Lyra, Postilla litteralis in vetus et novum testamentum(Venice, 1488), Goff N-132: vol. 2, ff. OO 8 verso col. a - OO 9 recto col. b, ff. OO 10 verso col. b - PP 1 verso col. a, ff. PP 5 verso col b - PP 6 recto col b.",This description kindly prepared by Kate Lansky.,2025-05-19 14:00:11 -0400,2011-11-03T04:13:20,NNF-WSp_50_3_00129538.xml
,,,ds-mets-xml,ds-mets,Q49295,Fordham University,MS Item 16,MS Item 16,https://archive.org/details/MSItem16_3,"",Italy,Q134,s. XV(1); 1400-1450,1400^1450,15,http://vocab.getty.edu/aat/300404465,false,Epistles,"","","",Q1466,"","","","",Jerome,"",Q898,"","","","","","","","","","","","",Latin,Q113,parchment,Q33,"Number of scribes, ff. 1 - 6v: At least 2.|Script, ff. 1 - 6v: Humanistic but with much abbreviation.|Layout, ff. 1 - 6v: Two columns of varying lengths (40 - 47 lines extant), unruled.","Manuscript note: Used as book binding for an early modern Italian index. Several folios feature a modern hand reading ""Cron. Suo Indice."" First two folia are consecutive.|ff. 1 - 6v: On ff. 2, 3, 5, 6, a series of numbers (presumably years) and letters, corresponding to their place in the ""Cron Suo Indice.""|ff. 1 - 6v: Latin.|Incipit, ff. 1-6v: appropinquavit enim regnum celorum nullum.|Explicit, ff. 1-6v: nec magnopere de ordine sermonibusque curasse.",This description kindly prepared by James Manning.,2025-05-19 14:00:11 -0400,2011-11-03T04:13:35,NNF-WSp_50_3_00129539.xml
,,,ds-mets-xml,ds-mets,Q49295,Fordham University,MS Item 11,MS Item 11,https://archive.org/details/MSItem11_3,"",Italy,Q134,s. XIII(2); 1250-1299,1250^1299,13,http://vocab.getty.edu/aat/300404505,false,Visio mirabilis Isaiae prophete,"","","","","","","","","","","","","","","","","","","","","","","",Latin,Q113,parchment,Q33,"Other decoration, ff. 1-2v: Red highlighting of initial letters of sentences.|Number of scribes, ff. 1-2v: 1.|Script, ff. 1-2v: Gothic.|Layout, ff. 1-2v: 2 columns, drypoint ruled, 31/32 lines.","Manuscript note: The top of the page has been cut down and it is unclear how many lines of text have been lost. There is also a missing portion nearly half the width of the bifolium and 50 mm deep in the top middle of the bifolium, and a slightly smaller one at bottom.|ff. 1-2v: Latin.|f. 1r-v: Apocryphal; Latin verses on the seasons added in a later hand on the otherwise blank conjoint leaf.|Incipit, f. 1r-v: consumatio seculi et opera implebunt in novissimis genera[tionibus].|Explicit, f. 1r-v: de quibus et ego eram. Vidi in veritate quia nichil absconditur in septimo celo quod est in mundo factum.",This description kindly prepared by Rachel Liptak.,2025-05-19 14:00:11 -0400,2011-11-03T04:18:44,NNF-WSp_50_3_00129540.xml
,,,ds-mets-xml,ds-mets,Q49295,Fordham University,MS 03,MS 03,https://archive.org/details/MS03_3,https://iiif.archive.org/iiif/bookofhoursuseof00cath/manifest.json,"Italy, Emilia Romagna",Q134;Q1100,s. XV(2); 1450-1499,1450^1499,15,http://vocab.getty.edu/aat/300404465,false,"Book of Hours, use of Rome","","","",Q795,"","","","","","","","","","","","","","","","","Charles Sauvageot, Académie Royale de Musique in France (late 19th century); William Bragge (1823-84), his sale, Sotheby's, 7 June 1876, lot 108; Henry Hucks Gibbs (1819-1907), 1st Baron Aldenham; Aldenham sale, Sotheby's, 22 March 1937, lot 179 to Thorpe.","",Q100351;Q1850;Q17754;Q16693,Latin,Q113,parchment,Q33,"Binding: Later binding in red leather stamped with gold over wood boards; crucifixion on front, Madonna and Child on back; 2 clasps, missing; page edges stamped in gold; paper flyleaves.|Figurative details, ff 1-187v: Historiated initials (missing the leaf for the opening of the Hours of the Virgin).|Other decoration, ff 1-187v: One-line gold initials with alternating red, blue, and purple flourishing; three-line gold initials surrounded by tri-color green, maroon, and blue-filled boxes; black flourishing; 87v line drawing of a man's head in profile; some five-line gold initials.|Number of scribes, ff 1-187v: 2.|Script, ff 1-187v: Italian gothic.|Layout, ff 1-187v: One column of 13 lines ruled in drypoint.","ff 1-187v: Copied after 1446, the canonization of Nicholas of Tolentino (in the calendar on 10 September).|ff 1-187v: Latin.|ff. 1-187v: Contains: Calendar; office of the BVM with changed service for week & liturgical time; mass of the BVM; office of the dead; penitential psalms & litany; short hours of the Cross and of the Holy Spirit.|Incipit, ff. 1-187v: horas canonicas cum devotione tibi sancte spiritus pia ratione dixi ut nos insites inspiratione et inuamne ingiter in celi regione. Amen.|Explicit, ff. 1-187v: Salutari nostro preoccupemus fatiem euis in confessione.",This description kindly prepared by Rachel Liptak.,2025-05-19 14:00:11 -0400,2011-11-03T04:19:57,NNF-WSp_50_3_00129541.xml
,,,ds-mets-xml,ds-mets,Q49295,Fordham University,MS 09,MS 09,https://archive.org/details/MS09_3,"",Germany|Unknown,Q131|Q650,s. XV(1); 1400-1450|s. XIV(2); 1362-1399,1400^1450|1362^1399,15|14,http://vocab.getty.edu/aat/300404465|http://vocab.getty.edu/aat/300404506,false,Sermons|Prayer,|,|,|,Q1400|Q798,"","","","",Jacobus de Voragine,"",Q7339,"","","","","","","Urban V, associated with","","","On inside front cover: ""Graf v. Villers von Burges<?>, 1817"" in ink; ""London [Lauden?] 21535x"" in pencil; ""Douanes Paris Exposition"" on a faded round pink sticker. ""Memorandum from the Johnson Library"" note inside book.","","",Latin,Q113,parchment,Q33,"Binding: Blind stamped leather front and back covers with some paneling, around wood pasted over. Modern (s. XIX) leather binding on the spine.|Figurative details, ff. 100v: 9 miniatures of the life of Christ on singletons, blank on what is now the verso, of the sort normally in books of hours.|Other decoration, ff. 100v: Rubricated intials throughout ff. 1-80. No rubricated intials on ff. 81-100.|Number of scribes, ff. 100v: 2.|Script, ff. 100v: Hybrida.|Layout, ff. 100v: 23 long lines ruled in lead from ff. 1-80. 20 long lines ruled in lead from ff. 81-100.|Other decoration, ff. 101-104v: Alternating blue and red initials.|Number of scribes, ff. 101-104v: 1.|Script, ff. 101-104v: Gothic.|Layout, ff. 101-104v: 17 long lines ruled in ink.","Manuscript note: On 1st leaf of 2nd quire (?), ""Iste liber pertinet ad domum sancti albani prope treviren. ordinis carthusiensis.""|Bibliography: S. Krämer, Handschriftenerbe des deutschen Mittelalters(Munich 1989-90) 2:782-786 for the mss of the Carthusians at Trier, this ms not recorded.|ff. 100v: Scribal hand appears to change at f. 81. Miniatures tipped in as recently as the 19th or 20th century.|ff. 100v: Latin.|ff. 101-104v: Latin.|ff. 1-100v: Sermones dominicales per totum annum. There is a different text on ff. 81-100v.|Explicit, ff. 1-100v: Apparuit benignitas et In Nativitate christi sermo Primus. Humanitas salvatoris nostri dei ad tuum.|ff. 101-104v: Rubric with an indulgence conceded by Urban V (1362-1370); for the prayer in 5-line stanzas, see U. Chevalier, Repertorium hymnologicum18056.|Explicit, ff. 101-104v: Salve meum salutare, salve salve ihesu care, cruci tue me aptare, vellum vere tu scis quare, da michi tui copiam.",This description kindly prepared by Gary Gabor.,2025-05-19 14:00:11 -0400,2011-11-03T04:20:08,NNF-WSp_50_3_00129542.xml
,,,ds-mets-xml,ds-mets,Q49295,Fordham University,MS Item 03,MS Item 03,https://archive.org/details/MSItem03_3,"",Italy,Q134,s. XIV(1); 1300-1350,1300^1350,14,http://vocab.getty.edu/aat/300404506,false,Fatti di Cesare,"","","","","","","","","","","","","","","","","","","","",Hermann Suchier (1848-1914); bought by Fordham from B.M. Rosenthal for $135.00 from Catalogue XII.,"",Q5125;Q1130,Italian,Q116,paper,Q31,"Binding: Not bound.|Other decoration, ff. 1-2v: Large, decorated initial L on f. 1v.|Number of scribes, ff. 1-2v: 1.|Script, ff. 1-2v: Cursive; Secretary.|Layout, ff. 1-2v: 23 long lines, unruled, brown ink. (24 lines on f. 1r).|Watermarks, ff. 1-2v: Letter A, similar to Briquet 7924, 7925, 7926, or 7927.","Manuscript note: On f. 1v, a seal which reads ""Ex Libris Hermann Suchier."" Ink is slightly faded; paper is ripped along side.|ff. 1-2v: Latin.|ff. 1r-2v: End of Book 3, Chapter XVI, beginning of Book 4, Chapters I-IV. Originally written in French and titled ""Li fet des romains"" or the ""Faits des Romains""; it contains stories from Caesar, Lucanus, Suetonius, and Sallust.|Incipit, ff. 1r-2v: Poco valea a Pompeo son movere re e duca infino in oriente per difendere vostra franchigia; se voi fate ontosa pace sanza lui.|Explicit, ff. 1r-2v: sopra lo bordo de le due navi e poi passo su iustamente torquentius mamertinus e marcus che guardava il capo de bruto.",This description kindly prepared by Anna Moscatiello and Elizabeth Anne Keohane.,2025-05-19 14:00:11 -0400,2011-11-03T04:20:34,NNF-WSp_50_3_00129543.xml
,,,ds-mets-xml,ds-mets,Q49295,Fordham University,Gemunde Document 01,Gemunde Document 01,https://archive.org/details/GemundeDocument01_3,"",Germany,Q131,"1390, March 12; s. XIV(ex); 1385-1399",1385^1399,14,http://vocab.getty.edu/aat/300404506,true,Deed,"","","",Q1319,"","","","","","","","","","","","","","","","","Acquired from Anderson Galleries, New York in March 1935.","",Q41933,German,Q112,parchment,Q33,"Number of scribes, f. 1r-v: 1.|Script, f. 1r-v: Secretary.|Layout, f. 1r-v: 17 long lines, unruled.","f. 1r-v: Latin.|f. 1r-v: Relative to the Brotherhood of Gemunde.|Incipit, f. 1r-v: an sant Gregorien tag in der Vastun.|Explicit, f. 1r-v: Ich Angnes Berlerin Peter Wolfs.|Explicit, f. 1r-v: Deed by Agnes Bevlerin, widow of Peter Wolf, of Gemunde, bestowing three pounds annually on the priests and chaplain general of the brotherhood.|Docket: Deed by Agnes Bevlerin, widow of Peter Wolf, of Gemunde, bestowing three pounds annually on the priests and chaplain general of the brotherhood.",This description kindly prepared by Nicole Lopez-Jantzen.,2025-05-19 14:00:11 -0400,2011-11-03T04:22:45,NNF-WSp_50_3_00129544.xml
,,,ds-mets-xml,ds-mets,Q49295,Fordham University,Gemunde Document 04,Gemunde Document 04,https://archive.org/details/GemundeDocument04_3,"","Germany, Hesse",Q131;Q38210,"1591, June 21; s. XVI(ex); 1585-1599",1585^1599,16,http://vocab.getty.edu/aat/300404510,true,Deed,"","","",Q1319,"","","","","","","","","","","","","","","","","Acquired from Anderson Galleries, New York in March 1935.","",Q41933,German,Q112,parchment,Q33,"Number of scribes, f. 1r-v: 1.|Script, f. 1r-v: German cursive.|Layout, f. 1r-v: 28 long lines ruled in brown ink.","f. 1r-v: Latin.|Explicit, f. 1r-v: Wir Burgermeister Schoffen und Rath der Statt Francffurt.|Explicit, f. 1r-v: Deed to Daniel Braumann.|Docket: Deed to Daniel Braumann.",This description kindly prepared by Nicole Lopez-Jantzen.,2025-05-19 14:00:11 -0400,2011-11-03T04:23:28,NNF-WSp_50_3_00129545.xml
,,,ds-mets-xml,ds-mets,Q49295,Fordham University,MS 02,MS 02,https://archive.org/details/MS02_3,https://iiif.archive.org/iiif/deofficiis00cice_1/manifest.json,"Italy, Marche",Q134;Q38242,s. XV; 1400-1499,1400^1499,15,http://vocab.getty.edu/aat/300404465,false,De Officiis,"","","",Q10836,"","","","",Marcus Tullius Cicero,"",Q1813,"","","",Albertus de Ponte Rubea,"","","","","","Price in dollars and other notes on front pastedown in the hand of Bernard Rosenthal, antiquarian bookdealer (New York; San Francisco; Berkeley).","",Q1130,Latin,Q113,paper,Q31,"Binding: Original (?) parchment wrapper inside the present binding.|Number of scribes, ff. 1-47v: 1 in main text; at least 3 in marginalia.|Script, ff. 1-47v: Cursive, with corrections and sporadic marginal notes in a contemporary secretary hand, one set of sporadic marginal notes in a Semi-Gothic Cursive, and one in a Humanist Cursive.|Layout, ff. 1-47v: 41 lines of black ink, frame-colored, with marginal corrections.|Watermarks, ff. 1-47v: Last page of text similar to Briquet, Mons 11656; outer front and rear paper flyeaves unidentified.","ff. 1-47v: Copied by Albert of Ponte Rosso (in the province of Fano?) over the course of 9 days, between 8 January and the day before the feat of Anthony abbot which falls on 17 January.|ff. 1-47v: Latin.|ff. 1-47r: Colophon on f. 47r: Completus in mane sancti Antonii de viena et inceptus die octavo presentis mensis ianuarii alberti de ponte rubea. Qui scripsit scripta manus eius sit benedicta. Amen.|Incipit, ff. 1-47r: Vale igitur, mi Cicero, tibique persuade esse te quidem mihi carissimum, sed multo fore cariorem, si talibus monumentis preceptisque letabere.|Explicit, ff. 1-47r: Quamquam te marce filii annum iam audientem cratippum idque athenis habundare.",This description kindly prepared by M. Bruno.,2025-05-19 14:00:11 -0400,2011-11-03T04:24:09,NNF-WSp_50_3_00129546.xml
,,,ds-mets-xml,ds-mets,Q49295,Fordham University,Special Collections 1612 2,Special Collections 1612 2,https://archive.org/details/SpecialCollections16122_3,"",Switzerland?|France?,Q652|Q122,s. XV; 1400-1499|s. XIII; 1200-1299,1400^1499|1200^1299,15|13,http://vocab.getty.edu/aat/300404465|http://vocab.getty.edu/aat/300404505,false,Gradual|Gradual,|,|,|,Q1121|Q1121,"","","","","","","","","","","","","","","","",F. B. Popelman (written on inside leaf).,"","",Latin,Q113,parchment,Q33,"Script, f. 1: Gothic.|Music, f. 1: Square notation on 4-line red staves.|Script, f. 1r-v: Gothic.|Music, f. 1r-v: Square notation on 4-line red staves.|Layout, f. 1r-v: 7 lines of text and music.","Manuscript note: Survived as the binding to a printed book.|f. 1: Cover of this printed book: Philippe de Mornay, Mystere d'iniquité, c'est a dire, l'histoire de la papauté(Geneva: Philippe Albert, 1612), with inside plate of a burning tower; printed in roman font; in French; Huguenot apologist literature.|f. 1: Latin.|f. 1r-v: Serving as binding cover to Spec Coll 1612 2.|f. 1r-v: Latin.|f. 1: Contains various settings of the Agnus Dei. Reverse of the leaf is not visible.|Incipit, f. 1r-v: nobis his Agnus dei qui tollis.|Explicit, f. 1r-v: filius qui tollis peccata mundi.",This description kindly prepared by Anna Moscatiello.,2025-05-19 14:00:11 -0400,2011-11-03T04:24:21,NNF-WSp_50_3_00129547.xml
,,,ds-mets-xml,ds-mets,Q49295,Fordham University,MS Item 24,MS Item 24,https://archive.org/details/MSItem24_3,"",France,Q122,s. XV(2); 1450-1499,1450^1499,15,http://vocab.getty.edu/aat/300404465,false,Book of Hours,"","","",Q795,"","","","","","","","","","","","","","","","","","","",Latin,Q113,parchment,Q33,"Binding: Not bound.|Other decoration, f. 1r-v: 12 gold 1-line initials and 2 gold 2-line initials in alternating red and blue ink; outer margin illuminated with vines and berries.|Script, f. 1r-v: Gothic.|Layout, f. 1r-v: 14 long lines, ruled in red crayon.","f. 1r-v: Latin.|f. 1r-v: Office of the Dead, part of Lauds, beginning with the Benedictus canticle.|Incipit, f. 1r-v: parentes fratres sorores amicos benefactores nostros qui ex hoc.|Explicit, f. 1r-v: Illuminare his qui in tenebris et in umbra mortis sedent.",This description kindly prepared by Anna Moscatiello.,2025-05-19 14:00:11 -0400,2011-11-03T04:24:33,NNF-WSp_50_3_00129548.xml
,,,ds-mets-xml,ds-mets,Q49295,Fordham University,MS Item 17,MS Item 17,https://archive.org/details/MSItem17_3,"",France?,Q122,s. XIII/XIV; 1290-1310,1290^1310,13;14,http://vocab.getty.edu/aat/300404505;http://vocab.getty.edu/aat/300404506,false,In Johannis Evangelium Tractatus CXXIV,"","","",Q20515,"","","","",Augustine of Hippo,"",Q1515,"","","","","","","","","","","","",Latin,Q113,parchment,Q33,"Number of scribes, f. 1r-v: 1.|Script, f. 1r-v: Hybrida.|Layout, f. 1r-v: 21 incomplete lines in brown ink with some traces of red ink.","f. 1r-v: Binding fragment; heavy damage to upper edges.|f. 1r-v: Latin.|f. 1r-v: On, flesh side part of Tractatus CXVII, with approximately six missing words between lines, suggesting an original layout of at least 2 columns; hair side cannot be identified, but is possibly from earlier in the same text. Incipit is illegible.|Incipit, f. 1r-v: ea poi[]t prius.",This description kindly prepared by M. Bruno.,2025-05-19 14:00:11 -0400,2011-11-03T04:25:45,NNF-WSp_50_3_00129549.xml
,,,ds-mets-xml,ds-mets,Q49295,Fordham University,MS Item 09,MS Item 09,https://archive.org/details/MSItem09_3,"",Italy?,Q134,s. XIV(2); 1350-1399,1350^1399,14,http://vocab.getty.edu/aat/300404506,false,Fabulae,"","","",Q100391,"","","","",Anonymus Neveleti,"",Q40155,"","","","","","",Gualterus Anglicus,"",Q40155,"","","",Latin,Q113,parchment,Q33,"Binding: Not bound.|Figurative details, One bifolium: Human profile (possibly in armor) drawn in margin of f. 1, presumably at a later date.|Other decoration, One bifolium: 9 flourished initials in red ink, paragraph markers in red ink, and marginal flourishes.|Script, One bifolium: Gothic.|Layout, One bifolium: One column of text, unruled and rubricated in red ink with 38 lines (including the rubrics) of brown and red ink.","Manuscript note: Used as a binding wrapper, perhaps for a register, and includes dates written in a later hand: 1471, 1477, 1481, and 1491. Also present are two more dates, but illegible. The MS is considerably damaged.|One bifolium: Latin.|ff. 1-2v: Rubrics: De mure et leone, De milvo [egrotante], De yrunidine et Avibus, De terra antica volente regem, De columbis volentibus regem, De fure et cane, De lupo et suculla, De terra tumente, De agno ludente cum capellis.|Incipit, ff. 1-2v: Quam lac matris habens mergar in ore tuo.|Explicit, ff. 1-2v: Non placeo fructu set placet iste iocis.",This description kindly prepared by Julie Fifelski.,2025-05-19 14:00:11 -0400,2011-11-03T04:25:57,NNF-WSp_50_3_00129550.xml
,,,ds-mets-xml,ds-mets,Q49295,Fordham University,MS 01,MS 01,https://archive.org/details/MS01_3,https://iiif.archive.org/iiif/marcituliicicero00cice/manifest.json,Germany|Germany|Germany,Q131|Q131|Q131,1475?; s. XV(4/4); 1475-1499|s. XV(2); 1450-1499|s. XV; 1400-1499,1475^1499|1450^1499|1400^1499,15|15|15,http://vocab.getty.edu/aat/300404465|http://vocab.getty.edu/aat/300404465|http://vocab.getty.edu/aat/300404465,true,De Officiis|Marci Tulii ciceronis arpinatis consulisque romani ac oratoris maximi ad M.T.C. filium suum officiorum liber incipit.|Formula honestae vitae|Verses|Document?,||||,||||,||||,Q10836|Q10836||Q18551|Q8301,"","","","",Marcus Tullius Cicero|Martin of Braga,|,Q1813|Q41213,"","","",Bernhardinus Zwingg,"","","Seneca, associated with","","","On inside cover ""Jacobus Wecker est possessor huius liber de Marckdorff""; Pietro Girometti (1812-1859), his number 28; this collection purchased by Baldassare Boncompagni (1821-1894) in 1856; Boncompagni sale, 1898, lot 162. Note on f. i by B. Rosenthal.","",Q100352;Q3772;Q1130,Latin|German,Q113|Q112,paper|parchment,Q31|Q33,"Binding: Vellum over wooden boards cut flush to the book block; unidentified parchment ms as the pastedown. On the binding, the sticker of Baldassare Boncompagni, and the number 193 painted on the spine (from Narducci catalogue).|Other decoration, ff. i + 1 - 139: Some red rubrics, occasional strikethroughs in red ink, red initials.|Number of scribes, ff. i + 1 - 139: At least 2.|Script, ff. i + 1 - 139: Cursive.|Layout, ff. i + 1 - 139: 25 long lines in brown ink; later folios block-ruled in pencil.|Watermarks, ff. i + 1 - 139: Bull's head, closest to Briquet 15160 (Rappoltsweiler, 1473).|Figurative details, ff. 149 - 168: Drawing of a human leg in brown ink, f. 151.|Other decoration, ff. 149 - 168: One large initial in red ink (f. 149), several simple decorated initials in brown ink, occasional accenting in red.|Number of scribes, ff. 149 - 168: At least 2.|Script, ff. 149 - 168: Gothic cursive, secretary.|Layout, ff. 149 - 168: Text 1: one column of 25 lines in brown ink, unruled. Text 2: one column of 18 lines in brown ink, faintly ruled in crayon. Text 3: one long column of 33 lines in brown ink, unruled.|Watermarks, ff. 149 - 168: Letter ""P"" closest to Briquet 8601 (Troyes, 1467; Colmar, 1467; Siegen, 1469).|Number of scribes, f. 1r-v: 1.|Script, f. 1r-v: Secretary.|Layout, f. 1r-v: Cutting with one column of text (6 lines) in brown ink.","Manuscript note: Modern pencil pagination (mis-numbered and revised); strips of parchment (cut to reach approx. 15mm from gutter) as reinforcement of the paper gatherings.|Bibliography: Enrico Narducci, Catalogo di manoscritti ora posseduti da Baldassare Boncompagni(Rome: Tipografia delle scienze matematiche e fisiche, 1862), No. 193, p. 79.|ff. i + 1 - 139: Unidentified signature (?) on f. 15r; on f. 139v, ""Scriptor huius libri est bernhardinus Zwingg <?> Tempore illo 1475 (?).""|ff. i + 1 - 139: Latin.|ff. 149 - 168: Latin.|f. 1r-v: Used for reinforcement between the paper gatherings of the manuscript and located after f. 168 and partially pasted to the back cover.|f. 1r-v: Latin.|ff. 2-138v, ff. 139-148v blank except for notes: On f. 138v, after end of text, 2 epigrams of Cicero (Hans Walther, Initia carminum19546 & 8719); on f. 148, nine lines about conjugation of ""velle.""|Incipit, ff. 2-138v, ff. 139-148v blank except for notes: Vale igitur mi Cicero, tibique persuade te michi quidem esse carissimum, sed multo fore cariorem, si talibus monumentis preceptisque letabere.|Explicit, ff. 2-138v, ff. 139-148v blank except for notes: Quamquam te Marce fili annum iam audientem cratippum idque Athenis abundare.|Incipit, ff. 149-155v: velut in quodam meditullio summitatis adsistens quasi per abrupta altrinsecus precipitia aut ruentem compos ipse devitet insaniam aut deficientem contempnet ignaviam. Amen. Explicit tractatus senece de quatuor virtutibus cardinalibus. E.K.H.S.|Explicit, ff. 149-155v: Quatuor virtutum species multorum sapientium sententiis diffinite sunt quibus humanus animus comptus ad honestatem vite possit accedere.|ff. 155v-158, f. 158v blank: Eight sets of verses, including Walther, Initia carminum4795 (the 4th set), 10361 (the 5th set), 10534 (the 6th set, often attributed to Gallus), 16941 (the 7th set), 16956 (the 8th set).|Explicit, ff. 155v-158, f. 158v blank: Iudei interea quoniam sua festa manebant.|ff. 159-168v: Begins in a similar manner to Cicero, De oratoreBook II, chap. VIII.31.|Incipit, ff. 159-168v: Cavendum tamen est ut cum in dicendo.|Explicit, ff. 159-168v: Nunc ego propono quod michi persuasi quamvis ars ut sit tamen nichil esse profecto oratori preclarius cui in primis ea que de orationis ipsius ornamentatione traderentur necessaria fore conspicere.|Incipit, f. 1r-v: obg[...]bnen dingen hargus?nderlich be?usst und erfordert.|Explicit, f. 1r-v: gemalt cyn offner und gesthmorner Notarn hy allen un yeglichem ong[...].",This description kindly prepared by Julie Fifelski.|ff. i + 1 - 139: We thank Dr. John Clark for identifying the watermark and Dr. Richard Gyug for identifying the date in the colophon.,2025-05-19 14:00:11 -0400,2011-11-03T04:27:07,NNF-WSp_50_3_00129551.xml
,,,ds-mets-xml,ds-mets,Q49295,Fordham University,MS Item 22,MS Item 22,https://archive.org/details/MSItem22_3,"",France,Q122,"1315, September 3; s. XIV(in); 1300-1315",1300^1315,14,http://vocab.getty.edu/aat/300404506,true,Permission to build a chapel,"","","","","","","","","","","","","","","","","","","","","Gift to Walsh Library in 1998; Rev. Theodore Cunnion, S.J. (1970-1998); Mary D. Reiss Library, Loyola Seminary at Shrub Oak, NY (1957 - 1970); St. Andrew-on-Hudson (1903 - 1957).","",Q76757,Latin,Q113,parchment,Q33,"Number of scribes, One item: 2.|Script, One item: Secretary.|Layout, One item: 54 long lines, unruled, plus two long lines for the archbishop's confirmation.","Manuscript note: Hole in bottom third of manuscript stitched with thread; modern writing on dorse of document in French summarizing contract. Note in printed transcription of document (see below) says that in 1880 this document or its twin had more than one seal present.|One item: The contract was written by one scribe; a second scribe copied the confirmation by Bertrand de Bertrands, archbp. of Tarentaise on 8 Oct. 1315.|One item: Latin.|Face: Société savoisienne d'histoire et d'archéologie, Mémoires et documents, vol. 37--ser. 2 vol. 12 (Chambery 1898), pp. XXII-XXVI for transcription by Aug. Dufour of a [this?!] charter sent to Dufour on 8 January 1880 by the Abbot Tremey of Moûtiers.|Incipit, Face: die mercurii ante festum nativitatis beate marie virginis videlicet tertia die mensis septembris anno a nativitate domini millesimo tricentesimo quindecimo.|Explicit, Face: Nos Rodulphus prior Religiose domus Sancti Bernardi columpne iovis tharentasiensis diocesis et eiusdem loci capitulum universum. Notum facimus.|Explicit, Face: Rodolph, prior of Petit-St.-Bernard in Montjoux, allows Jacques of the Val d'Isere to build a chapel in the cemetery of Saint-Pierre of Séez to fulfill a testamentary request of said Jacques' father, and obligates Jacques to certain requirements.|Docket: Rodolph, prior of Petit-St.-Bernard in Montjoux, allows Jacques of the Val d'Isere to build a chapel in the cemetery of Saint-Pierre of Séez to fulfill a testamentary request of said Jacques' father, and obligates Jacques to certain requirements.",This description kindly prepared by Nicole Lopez-Jantzen.,2025-05-19 14:00:11 -0400,2011-11-03T04:27:23,NNF-WSp_50_3_00129552.xml
,,,ds-mets-xml,ds-mets,Q49295,Fordham University,Gemunde Document 05,Gemunde Document 05,https://archive.org/details/GemundeDocument05_3,"","Germany, Hesse",Q131;Q38210,"1549, April 20; s. XVI(med); 1540-1560",1540^1560,16,http://vocab.getty.edu/aat/300404510,true,Deed,"","","",Q1319,"","","","","","","","","","","","","","","","","Acquired from Anderson Galleries, New York in March 1935.","",Q41933,German,Q112,parchment,Q33,"Number of scribes, f. 1r-v: 2.|Script, f. 1r-v: German cursive.|Layout, f. 1r-v: 31 long lines in brown ink, unruled.","f. 1r-v: Latin.|Explicit, f. 1r-v: Ich Peter Semler und ich Catherina opfenbachin.|Explicit, f. 1r-v: Deed by Peter Semler and Katherena Offenbach, with autograph subscription by the latter.|Docket: Deed by Peter Semler and Katherena Offenbach, with autograph subscription by the latter.",This description kindly prepared by Nicole Lopez-Jantzen.,2025-05-19 14:00:11 -0400,2011-11-03T04:27:34,NNF-WSp_50_3_00129553.xml
,,,ds-mets-xml,ds-mets,Q49295,Fordham University,Gemunde Document 06,Gemunde Document 06,https://archive.org/details/GemundeDocument06_3,"",Germany,Q131,1527; s. XVI(2/4); 1525-1550,1525^1550,16,http://vocab.getty.edu/aat/300404510,true,Tax Proclamation,"","","",Q3705,"","","","","","","","","","","","","","","","","Acquired from Anderson Galleries, New York in March 1935.","",Q41933,German,Q112,parchment,Q33,"Number of scribes, ff. 1-2v: 1.|Script, ff. 1-2v: Bastard secretary.|Layout, ff. 1-2v: 26 to 32 long lines, ruled in lead.","Manuscript note: Heading reads 'anno domini 1527'.|ff. 1-2v: Latin.|Incipit, ff. 1-2v: unterricht yeder zeyt mit zu tailen.|Explicit, ff. 1-2v: Unnser herren vom Rat.",This description kindly prepared by Nicole Lopez-Jantzen.,2025-05-19 14:00:11 -0400,2011-11-03T04:28:17,NNF-WSp_50_3_00129554.xml
,,,ds-mets-xml,ds-mets,Q49295,Fordham University,Gemunde Document 07,Gemunde Document 07,https://archive.org/details/GemundeDocument07_3,"",Germany,Q131,1383; s. XIV(4/4); 1375-1399,1375^1399,14,http://vocab.getty.edu/aat/300404506,true,Deed,"","","",Q1319,"","","","","","","","","","","","","","","","","Acquired from Anderson Galleries, New York in March 1935.","",Q41933,German,Q112,parchment,Q33,"Number of scribes, One leaf: 1.|Script, One leaf: Secretary.|Layout, One leaf: 17 long lines, unruled.","One leaf: Latin.|f. 1r-v: Relative to the Brotherhood of Gemunde.|Incipit, f. 1r-v: driuzehenhundert und driu un ahtzig iar.|Explicit, f. 1r-v: Wir Renbot und Adelhait.|Explicit, f. 1r-v: Deed by Renbot and Adelhait bestowing one pound on the brotherhood to endow an annual vigil and mass.|Docket: Deed by Renbot and Adelhait bestowing one pound on the brotherhood to endow an annual vigil and mass.",This description kindly prepared by Nicole Lopez-Jantzen.,2025-05-19 14:00:11 -0400,2011-11-03T04:29:28,NNF-WSp_50_3_00129555.xml
,,,ds-mets-xml,ds-mets,Q49295,Fordham University,Gemunde Document 08,Gemunde Document 08,https://archive.org/details/GemundeDocument08_3,"","France, Normandy",Q122;Q1308,"1540, April 12; s. XVI(med); 1540-1560",1540^1560,16,http://vocab.getty.edu/aat/300404510,true,"","","","","","","","","",Francois I of France,"",Q4381,"","","","","","",Bochetel,"","","Acquired from Anderson Galleries, New York in March 1935.","",Q41933,French,Q111,parchment,Q33,"Number of scribes, One leaf: 1.|Script, One leaf: Mixed hand.|Layout, One leaf: 9 long lines in brown ink, unruled.","Manuscript note: Piece of parchment cut out of bottom right.|One leaf: Signed by Francois I of France and countersigned by Bochetel.|One leaf: Latin.|Explicit, f. 1r-v: Francois par la grace de dieu Roi de france.|Explicit, f. 1r-v: Document signed by Francois I of France, countersigned by Bochetel, ordering a payment.|Docket: Document signed by Francois I of France, countersigned by Bochetel, ordering a payment.",This description kindly prepared by Nicole Lopez-Jantzen.,2025-05-19 14:00:11 -0400,2011-11-03T04:30:06,NNF-WSp_50_3_00129556.xml
,,,ds-mets-xml,ds-mets,Q49295,Fordham University,Gemunde Document 09,Gemunde Document 09,https://archive.org/details/GemundeDocument09_3,"",Germany,Q131,"1385, May 26; s. XIV(ex); 1385-1399",1385^1399,14,http://vocab.getty.edu/aat/300404506,true,Deed,"","","",Q1319,"","","","","","","","","","","","","","","","","Acquired from Anderson Galleries, New York in March 1935.","",Q41933,German,Q112,parchment,Q33,"Number of scribes, One leaf: 1.|Script, One leaf: Secretary.|Layout, One leaf: 21 long lines in brown ink, unruled.","One leaf: Latin.|Incipit, f. 1r-v: an dem nehsten fritag nach sant urbans tag.|Explicit, f. 1r-v: Wir Wernher von Niunhusen pfarrer.|Explicit, f. 1r-v: Deed binding the chaplain general and priests at Gemunde and Holbach to say annual masses and vigils for Hainrich Heffer in consideration of a donation by his widow Adelheit.|Docket: Deed binding the chaplain general and priests at Gemunde and Holbach to say annual masses and vigils for Hainrich Heffer in consideration of a donation by his widow Adelheit.",This description kindly prepared by Nicole Lopez-Jantzen.,2025-05-19 14:00:11 -0400,2011-11-03T04:30:39,NNF-WSp_50_3_00129557.xml
,,,ds-mets-xml,ds-mets,Q49295,Fordham University,Gemunde Document 10,Gemunde Document 10,https://archive.org/details/GemundeDocument10_3,"","Germany, Hesse",Q131;Q38210,"1476, March 28; s. XV(4/4); 1475-1499",1475^1499,15,http://vocab.getty.edu/aat/300404465,true,Deed,"","","",Q1319,"","","","","","","","","","","","","","","","","Acquired from Anderson Galleries, New York in March 1935.","",Q41933,German,Q112,parchment,Q33,"Number of scribes, One leaf: 1.|Script, One leaf: Secretary.|Layout, One leaf: 16 long lines in black ink, unruled.","One leaf: Latin.|f. 1r-v: The introit for the mass on the fourth Sunday in Lent begins, ""Laetare.""|Incipit, f. 1r-v: feria quarta post dominicam Letare.|Explicit, f. 1r-v: Wir die Burgermeistere Scheffene und Rat zu frankenfort.|Explicit, f. 1r-v: Deed concerning the sale of a house by Ordut, wife of Erwyn vom Stege, to Friedrich Nachtrabe.|Docket: Deed concerning the sale of a house by Ordut, wife of Erwyn vom Stege, to Friedrich Nachtrabe.",This description kindly prepared by Nicole Lopez-Jantzen.,2025-05-19 14:00:11 -0400,2011-11-03T04:31:22,NNF-WSp_50_3_00129558.xml
,,,ds-mets-xml,ds-mets,Q49295,Fordham University,Gemunde Document 11,Gemunde Document 11,https://archive.org/details/GemundeDocument11_3,"","England, Kent",Q133;Q1294,"1448, December 2; s. XV(med); 1440-1460",1440^1460,15,http://vocab.getty.edu/aat/300404465,true,Will,"","","",Q1422,"","","","","","","","","","","","","","","","","Acquired from Anderson Galleries, New York in March 1935.","",Q41933,Latin,Q113,parchment,Q33,"Number of scribes, One leaf: 1.|Script, One leaf: Secretary.|Layout, One leaf: 15 long lines in brown ink, unruled.","One leaf: Back contains 3 lines by another scribe in a contemporary hand and a summary in a modern hand.|One leaf: Latin.|Explicit, f. 1r-v: In dei nomine amen. Die lune proxima post festum sancti Andree Apostoli.|Explicit, f. 1r-v: Will of Robert Taylor of Dartford, in favor of the local church and vicar.|Docket: Will of Robert Taylor of Dartford, in favor of the local church and vicar.",This description kindly prepared by Nicole Lopez-Jantzen.,2025-05-19 14:00:11 -0400,2011-11-03T04:32:04,NNF-WSp_50_3_00129559.xml
,,,ds-mets-xml,ds-mets,Q49295,Fordham University,Gemunde Document 13,Gemunde Document 13,https://archive.org/details/GemundeDocument13_3,"",Germany,Q131,"1375, April 27; s. XIV(2); 1350-1399",1350^1399,14,http://vocab.getty.edu/aat/300404506,true,Deed,"","","",Q1319,"","","","","","","","","","","","","","","","","Acquired from Anderson Galleries, New York in March 1935.","",Q41933,German,Q112,parchment,Q33,"Number of scribes, One leaf: 1.|Script, One leaf: Secretary.|Layout, One leaf: 31 long lines in brown ink, unruled.","One leaf: Latin.|Incipit, f. 1r-v: des fritages in der Osterwochen.|Explicit, f. 1r-v: Ich Johans Argenhass zu disen ziten gesellen.|Explicit, f. 1r-v: Deed by Johans Argenhass and his wife Katherine, of Aulun, concerning a sale of property to Albrecht Drachsel, of Gemunde.|Docket: Deed by Johans Argenhass and his wife Katherine, of Aulun, concerning a sale of property to Albrecht Drachsel, of Gemunde.",This description kindly prepared by Nicole Lopez-Jantzen.,2025-05-19 14:00:11 -0400,2011-11-03T04:32:44,NNF-WSp_50_3_00129560.xml
,,,ds-mets-xml,ds-mets,Q49295,Fordham University,Gemunde Document 14,Gemunde Document 14,https://archive.org/details/GemundeDocument14_3,"",Germany,Q131,"1376, March 8; s. XIV(4/4); 1375-1399",1375^1399,14,http://vocab.getty.edu/aat/300404506,true,Deed,"","","",Q1319,"","","","","","","","","","","","","","","","","Acquired from Anderson Galleries, New York in March 1935.","",Q41933,German,Q112,parchment,Q33,"Number of scribes, One leaf: 1.|Script, One leaf: Secretary.|Layout, One leaf: 34 long lines in brown ink, unruled.","One leaf: Latin.|f. 1r-v: ""Reminiscere miseracionum"" is the introit for the mass of the second Sunday in Lent.|Incipit, f. 1r-v: an dem samstage vor dem Sunnentage in der vastun so man singet Reminiscere miseracionum Nach Crists geburt driutzehenhundert Jar und darnach in dem sechs und sibentzigosten jare.|Explicit, f. 1r-v: Ich Johans zu den ziten Maister des bucs der pfarrkirchen zu Gemunde.|Explicit, f. 1r-v: Deed by Johans, Maister de Bucs der Pfarrkirchen zu Gemunde, endowing annual vigils and masses for himself and his parents.|Docket: Deed by Johans, Maister de Bucs der Pfarrkirchen zu Gemunde, endowing annual vigils and masses for himself and his parents.",This description kindly prepared by Nicole Lopez-Jantzen.,2025-05-19 14:00:11 -0400,2011-11-03T04:33:25,NNF-WSp_50_3_00129561.xml
,,,ds-mets-xml,ds-mets,Q49295,Fordham University,Gemunde Document 15,Gemunde Document 15,https://archive.org/details/GemundeDocument15_3,"",Germany,Q131,"1378, March 1; s. XIV(4/4); 1375-1399",1375^1399,14,http://vocab.getty.edu/aat/300404506,true,Deed,"","","",Q1319,"","","","","","","","","","","","","","","","","Acquired from Anderson Galleries, New York in March 1935.","",Q41933,German,Q112,parchment,Q33,"Number of scribes, One leaf: 1.|Script, One leaf: Secretary.|Layout, One leaf: 21 long lines in brown ink, unruled.","One leaf: Latin.|f. 1r-v: Relative to the Brotherhood of Gemunde.|Incipit, f. 1r-v: nach des hailigen Lerers sant pauls tag als er bekert wart.|Explicit, f. 1r-v: Ich Johans Wirsich der Schnider burger ze Gemunde.|Explicit, f. 1r-v: Deed by Johans Wirsich, der Schnider, bestowing property in Gemunde on the brotherhood.|Docket: Deed by Johans Wirsich, der Schnider, bestowing property in Gemunde on the brotherhood.",This description kindly prepared by Nicole Lopez-Jantzen.,2025-05-19 14:00:11 -0400,2011-11-03T04:34:09,NNF-WSp_50_3_00129562.xml
,,,ds-mets-xml,ds-mets,Q49295,Fordham University,Gemunde Document 16,Gemunde Document 16,https://archive.org/details/GemundeDocument16_3,"",Germany,Q131,"1375, September 22; s. XIV(2); 1350-1399",1350^1399,14,http://vocab.getty.edu/aat/300404506,true,Deed,"","","",Q1319,"","","","","","","","","","","","","","","","","Acquired from Anderson Galleries, New York in March 1935.","",Q41933,German,Q112,parchment,Q33,"Number of scribes, f. 1r-v: 1.|Script, f. 1r-v: Secretary.|Layout, f. 1r-v: 24 long lines in brown ink, unruled.","f. 1r-v: In 1375, St. Michael's Day, 29 September, fell on a Saturday; the previous Saturday was 22 September.|f. 1r-v: Latin.|Incipit, f. 1r-v: des nehsten Samstages vor Sant Michels tage.|Explicit, f. 1r-v: Ich Johans Klemmer Spitalmaister ze Gemunde.|Explicit, f. 1r-v: Deed between Johans Klemmer, Spitalmaister zu Gemunde, and the brotherhood in St. Mary's church in Gemunde.|Docket: Deed between Johans Klemmer, Spitalmaister zu Gemunde, and the brotherhood in St. Mary's church in Gemunde.",This description kindly prepared by Nicole Lopez-Jantzen.,2025-05-19 14:00:11 -0400,2011-11-03T04:34:50,NNF-WSp_50_3_00129563.xml
,,,ds-mets-xml,ds-mets,Q49295,Fordham University,Gemunde Document 17,Gemunde Document 17,https://archive.org/details/GemundeDocument17_3,"",Germany,Q131,1387; s. XIV(4/4); 1375-1399,1375^1399,14,http://vocab.getty.edu/aat/300404506,true,Deed,"","","",Q1319,"","","","","","","","","","","","","","","","","Acquired from Anderson Galleries, New York in March 1935.","",Q41933,German,Q112,parchment,Q33,"Number of scribes, f. 1r-v: 1.|Script, f. 1r-v: Secretary.|Layout, f. 1r-v: 23 long lines in brown ink, unruled.","f. 1r-v: Latin.|f. 1r-v: Relative to the Brotherhood of Gemunde.|Incipit, f. 1r-v: driutzehen hundert und siben und achtzig jar.|Explicit, f. 1r-v: Wir Wernher von Niunhusen zu den ziten pfarrer.|Explicit, f. 1r-v: Deed by the brotherhood at Gemunde, acknowledging the endowment of vigils and masses at St. John's church by the sisters Anna and Bethlin for their father, Sigfrid Glasser, and his wife Bethen.|Docket: Deed by the brotherhood at Gemunde, acknowledging the endowment of vigils and masses at St. John's church by the sisters Anna and Bethlin for their father, Sigfrid Glasser, and his wife Bethen.",This description kindly prepared by Nicole Lopez-Jantzen.,2025-05-19 14:00:11 -0400,2011-11-03T04:35:32,NNF-WSp_50_3_00129564.xml
,,,ds-mets-xml,ds-mets,Q49295,Fordham University,Gemunde Document 18,Gemunde Document 18,https://archive.org/details/GemundeDocument18_3,"",Germany,Q131,"1387, July 26; s. XIV(4/4); 1375-1399",1375^1399,14,http://vocab.getty.edu/aat/300404506,true,Deed,"","","",Q1319,"","","","","","","","","","","","","","","","","Acquired from Anderson Galleries, New York in March 1935.","",Q41933,German,Q112,parchment,Q33,"Number of scribes, f. 1r-v: 1.|Script, f. 1r-v: Secretary.|Layout, f. 1r-v: 18 long lines, unruled.","f. 1r-v: Latin.|f. 1r-v: Relative to the Brotherhood of Gemunde.|Incipit, f. 1r-v: an dem nehsten fritag nach sant Jacobs tag des hailigen zwelf boten.|Explicit, f. 1r-v: Ich Anna und ich Beth Glaserin.|Explicit, f. 1r-v: Deed by the sisters Anna and Beth Glaserin detailing endowments to the brotherhood at Gemunde.|Docket: Deed by the sisters Anna and Beth Glaserin detailing endowments to the brotherhood at Gemunde.",This description kindly prepared by Nicole Lopez-Jantzen.,2025-05-19 14:00:11 -0400,2011-11-03T04:36:13,NNF-WSp_50_3_00129565.xml
,,,ds-mets-xml,ds-mets,Q49295,Fordham University,Gemunde Document 19,Gemunde Document 19,https://archive.org/details/GemundeDocument19_3,"",Germany,Q131,1390; s. XIV(ex); 1385-1399,1385^1399,14,http://vocab.getty.edu/aat/300404506,true,Deed,"","","",Q1319,"","","","","","","","","","","","","","","","","Acquired from Anderson Galleries, New York in March 1935.","",Q41933,German,Q112,parchment,Q33,"Number of scribes, f. 1r-v: 1.|Script, f. 1r-v: Secretary.|Layout, f. 1r-v: 14 long lines in brown ink, unruled.","f. 1r-v: Latin.|f. 1r-v: Relative to the Brotherhood of Gemunde.|Incipit, f. 1r-v: nach Crists geburt driutzehnhundert und niuntzig Jar.|Explicit, f. 1r-v: Ich Betha Marein burgerin ze Gemunde.|Explicit, f. 1r-v: Deed by Betha Marein, concerning gifts to the brotherhood at Gemunde.|Docket: Deed by Betha Marein, concerning gifts to the brotherhood at Gemunde.",This description kindly prepared by Nicole Lopez-Jantzen.,2025-05-19 14:00:11 -0400,2011-11-03T04:36:56,NNF-WSp_50_3_00129566.xml
,,,ds-mets-xml,ds-mets,Q49295,Fordham University,Gemunde Document 21,Gemunde Document 21,https://archive.org/details/GemundeDocument21_3,"",Germany,Q131,"1454, March 9; s. XV(med); 1440-1460",1440^1460,15,http://vocab.getty.edu/aat/300404465,true,Deed,"","","",Q1319,"","","","","","","","","","","","","","","","","Acquired from Anderson Galleries, New York in March 1935.","",Q41933,German,Q112,parchment,Q33,"Number of scribes, f. 1r-v: 1.|Script, f. 1r-v: Bastard secretary.|Layout, f. 1r-v: 25 long lines in black ink, unruled.","f. 1r-v: Latin.|f. 1r-v: Relative to the Brotherhood of Gemunde.|Incipit, f. 1r-v: nach der geburt Cristi unsere lieben herren viertzehenhundert und darnach in dem vier und funffizigosten jaren et cetera.|Explicit, f. 1r-v: Ich Clas Stritter Burger zu Gemunde.|Explicit, f. 1r-v: Deed by Clas Stritter of Gemunde, transferring property to Hanns Haernig of Gemunde.|Docket: Deed by Clas Stritter of Gemunde, transferring property to Hanns Haernig of Gemunde.",This description kindly prepared by Nicole Lopez-Jantzen.,2025-05-19 14:00:11 -0400,2011-11-03T04:37:37,NNF-WSp_50_3_00129567.xml
,,,ds-mets-xml,ds-mets,Q49295,Fordham University,Gemunde Document 22,Gemunde Document 22,https://archive.org/details/GemundeDocument22_3,"",Germany,Q131,"1382, August 2; s. XIV(4/4); 1375-1399",1375^1399,14,http://vocab.getty.edu/aat/300404506,true,Deed,"","","",Q1319,"","","","","","","","","","","","","","","","","Acquired from Anderson Galleries, New York in March 1935.","",Q41933,German,Q112,parchment,Q33,"Number of scribes, f. 1r-v: 1.|Script, f. 1r-v: Secretary.|Layout, f. 1r-v: 30 long lines in brown ink, unruled.","f. 1r-v: Latin.|f. 1r-v: Relative to the Brotherhood of Gemunde.|Incipit, f. 1r-v: nach Cristes geburt driutzehen hundert iare und zwai und achtzig iare an sant Bartholomeus anbent.|Explicit, f. 1r-v: Wir Wernher von Niunhusen pfarrer.|Explicit, f. 1r-v: Deed acknowledging endowment of vigils and masses by Anna von Kinderbach, widow of Sifrid Schoenn.|Docket: Deed acknowledging endowment of vigils and masses by Anna von Kinderbach, widow of Sifrid Schoenn.",This description kindly prepared by Nicole Lopez-Jantzen.,2025-05-19 14:00:11 -0400,2011-11-03T04:38:19,NNF-WSp_50_3_00129568.xml
,,,ds-mets-xml,ds-mets,Q49295,Fordham University,Gemunde Document 23,Gemunde Document 23,https://archive.org/details/GemundeDocument23_3,"","Belgium, Liège",Q1243;Q4992,"1593, April 10; s. XVI(ex); 1585-1599",1585^1599,16,http://vocab.getty.edu/aat/300404510,true,Deed,"","","",Q1319,"","","","","","","","","","","","","","","","","Acquired from Anderson Galleries, New York in March 1935.","",Q41933,French,Q111,parchment,Q33,"Number of scribes, f. 1r-v: 1.|Layout, f. 1r-v: 21 long lines in black ink, unruled, plus three shorter lines for the signature.","f. 1r-v: Latin.|Explicit, f. 1r-v: Nous les burgherinns de la cite de liege A tous ceulx qui ces presentes veront.|Explicit, f. 1r-v: Deed concerning Bauldiny, fils de Bado d'Ongere.|Docket: Deed concerning Bauldiny, fils de Bado d'Ongere.",This description kindly prepared by Nicole Lopez-Jantzen.,2025-05-19 14:00:11 -0400,2011-11-03T04:39:04,NNF-WSp_50_3_00129569.xml
,,,ds-mets-xml,ds-mets,Q49295,Fordham University,Gemunde Document 24,Gemunde Document 24,https://archive.org/details/GemundeDocument24_3,"",Germany,Q131,"1381, November 8; s. XIV(4/4); 1375-1399",1375^1399,14,http://vocab.getty.edu/aat/300404506,true,Deed,"","","",Q1319,"","","","","","","","","","","","","","","","","Acquired from Anderson Galleries, New York in March 1935.","",Q41933,German,Q112,parchment,Q33,"Number of scribes, f. 1r-v: 1.|Script, f. 1r-v: Cursive.|Layout, f. 1r-v: 21 long lines in brown ink, unruled.","f. 1r-v: Latin.|Incipit, f. 1r-v: an dem nehsten fritag vor sant Martins tag des hailigen Bischofs.|Explicit, f. 1r-v: Ich Anna von Kinderbach.|Explicit, f. 1r-v: Deed by Anna von Kinderbach, widow of Sifrid Schoenn detailiing endowments to the brotherhood at Gemunde.|Docket: Deed by Anna von Kinderbach, widow of Sifrid Schoenn detailiing endowments to the brotherhood at Gemunde.",This description kindly prepared by Nicole Lopez-Jantzen.,2025-05-19 14:00:11 -0400,2011-11-03T04:39:40,NNF-WSp_50_3_00129570.xml
,,,ds-mets-xml,ds-mets,Q49295,Fordham University,Gemunde Document 25,Gemunde Document 25,https://archive.org/details/GemundeDocument25_3,"","France, Île-de-France",Q122;Q38148,"1354, February 20; s. XIV(med); 1340-1360",1340^1360,14,http://vocab.getty.edu/aat/300404506,true,Deed,"","","",Q1319,"","","","","","","","","","","","","","","","","Acquired from Anderson Galleries, New York in March 1935.","",Q41933,French,Q111,parchment,Q33,"Number of scribes, f. 1r-v: 1.|Script, f. 1r-v: Ba^tarde.|Layout, f. 1r-v: 9 long lines in brown ink, dry-point ruled.","f. 1r-v: Latin.|f. 1r-v: Issued by the royal treasurers at Paris.|Incipit, f. 1r-v: le 20e jour de fevrier l'an mil ccc l iiii.|Explicit, f. 1r-v: Les tresoriers du Roy.|Explicit, f. 1r-v: Deed by the royal treasurers at Paris, ordering Jehan de Montsablon, collector of tithes at Paris, to pay 17 livres to Michiel de Brayche.|Docket: Deed by the royal treasurers at Paris, ordering Jehan de Montsablon, collector of tithes at Paris, to pay 17 livres to Michiel de Brayche.",This description kindly prepared by Nicole Lopez-Jantzen.,2025-05-19 14:00:11 -0400,2011-11-03T04:40:14,NNF-WSp_50_3_00129571.xml
,,,ds-mets-xml,ds-mets,Q49295,Fordham University,Gemunde Document 26,Gemunde Document 26,https://archive.org/details/GemundeDocument26_3,"",England,Q133,"1402, August 10; s. XIV/XV; 1390-1410",1390^1410,14;15,http://vocab.getty.edu/aat/300404506;http://vocab.getty.edu/aat/300404465,true,Deed,"","","",Q1319,"","","","","","","","","","","","","","","","","Acquired from Anderson Galleries, New York in March 1935.","",Q41933,Latin,Q113,parchment,Q33,"Number of scribes, f. 1r-v: 1.|Script, f. 1r-v: Anglicana.|Layout, f. 1r-v: 11 long lines in brown ink, unruled.","f. 1r-v: Latin.|Incipit, f. 1r-v: Anno Regni Regis henrici quarti post conquestum tertio.|Explicit, f. 1r-v: Sciant presentes et futuri quod ego Willelmus Chenon.|Explicit, f. 1r-v: Deed by William Chenon selling a house and five acres of land at Berton Byndyth.|Docket: Deed by William Chenon selling a house and five acres of land at Berton Byndyth.",This description kindly prepared by Nicole Lopez-Jantzen.,2025-05-19 14:00:11 -0400,2011-11-03T04:40:57,NNF-WSp_50_3_00129572.xml
,,,ds-mets-xml,ds-mets,Q49295,Fordham University,Gemunde Document 27,Gemunde Document 27,https://archive.org/details/GemundeDocument27_3,"",England,Q133,"1420, February 20; s. XV(1/4); 1400-1425",1400^1425,15,http://vocab.getty.edu/aat/300404465,true,Deed,"","","",Q1319,"","","","","","","","","","","","","","","","","Acquired from Anderson Galleries, New York in March 1935.","",Q41933,Latin,Q113,parchment,Q33,"Number of scribes, f. 1r-v: 1.|Script, f. 1r-v: Anglicana.|Layout, f. 1r-v: 10 long lines in brown ink, unruled.","f. 1r-v: Latin.|Explicit, f. 1r-v: Sciant presentes et futuri quod ego Ricardo Byschop.|Explicit, f. 1r-v: Deed by Robert Byshop of Berton Bendyth and Estmore, selling a house and croft to Robert Grymston and John Wryth of Bycham Well.|Docket: Deed by Robert Byshop of Berton Bendyth and Estmore, selling a house and croft to Robert Grymston and John Wryth of Bycham Well.",This description kindly prepared by Nicole Lopez-Jantzen.,2025-05-19 14:00:11 -0400,2011-11-03T04:41:35,NNF-WSp_50_3_00129573.xml
,,,ds-mets-xml,ds-mets,Q49295,Fordham University,Gemunde Document 28,Gemunde Document 28,https://archive.org/details/GemundeDocument28_3,"","Belgium, East Flanders",Q1243;Q38189,"1366, May 19; s. XIV(3/4); 1350-1375",1350^1375,14,http://vocab.getty.edu/aat/300404506,true,Deed,"","","",Q1319,"","","","","","","","","","",Jehan Tsioc,"","","","","","Acquired from Anderson Galleries, New York in March 1935.","",Q41933,Dutch; Latin,Q793;Q113,parchment,Q33,"Other decoration, f. 1r-v: Notarial mark in bottom left corner.|Number of scribes, f. 1r-v: 1.|Script, f. 1r-v: Secretary.|Layout, f. 1r-v: 38 long lines in brown ink, unruled, plus seven shorter lines by the same hand.","Manuscript note: Left side damaged from damp and mould, right side with two holes.|f. 1r-v: Nine strips of parchment for the nine seals originally attached; now only tiny fragments of two of the seals remain; on the plica, above each strip, are the names of the seal-bearers.|f. 1r-v: Latin.|Incipit, f. 1r-v: Int jaer ons heeren dusentich drie hondert zesse en zestich den Neghentiensten dach van meyera?|Explicit, f. 1r-v: In de name ons heeren amen.|Explicit, f. 1r-v: Deed in Dutch concerning a property settlement of Jehan de Tolnarc and his wife Meggriete van Steenhuus, with notarial attestation, in Latin, by Jehan Tsioc.|Docket: Deed in Dutch concerning a property settlement of Jehan de Tolnarc and his wife Meggriete van Steenhuus, with notarial attestation, in Latin, by Jehan Tsioc.",This description kindly prepared by Nicole Lopez-Jantzen.,2025-05-19 14:00:11 -0400,2011-11-03T04:42:15,NNF-WSp_50_3_00129574.xml
,,,ds-mets-xml,ds-mets,Q49295,Fordham University,MS Item 06,MS Item 06,https://archive.org/details/MSItem06_3,"",France,Q122,s. XIII; 1200-1299,1200^1299,13,http://vocab.getty.edu/aat/300404505,false,Historia Scholastica|Incipit prologus epystolaris in hystorias magistri petri,|,|,|,Q1372|Q1466,"","","","",Peter Comestor,"",Q1586,"","","","","","","","","","","","",Latin,Q113,parchment,Q33,"Binding: Not bound.|Number of scribes, ff. 1-2v: 1.|Script, ff. 1-2v: Gothic.|Layout, ff. 1-2v: 60 lines in two columns, ruled in pencil, prickings visible.","ff. 1-2v: Previously used as binding; damage from worms.|ff. 1-2v: Latin.|Explicit, ff. 1-2v: Reverendo patri et domino suo Guillelmo dei gratia senonensi archiepiscopo Petrus servus christi.",This description kindly prepared by John Moscatiello.,2025-05-19 14:00:11 -0400,2011-11-03T04:42:56,NNF-WSp_50_3_00129575.xml
,,,ds-mets-xml,ds-mets,Q49295,Fordham University,MS Item 30,MS Item 30,https://archive.org/details/MSItem30_3,"",Ottoman Empire,Q38274,s. XVI(3/4); 1550-1575,1550^1575,16,http://vocab.getty.edu/aat/300404510,false,Commentary on the Qur'an,"","","",Q39258,"","","","",Djelal Al Din Mohammed Ibn Ahmed Al Mohally,"","","","","","","","","","","","","","",Arabic,Q118,paper,Q31,"Binding: Not bound.|Script, pp. 1-2: Nashki.|Layout, pp. 1-2: 25 long lines in one column, frame ruled only.",pp. 1-2: Alphabet is Arabic. Paginated as pp. 283-284.|pp. 1-2: Arabic.,This description kindly prepared by John Moscatiello.,2025-05-19 14:00:11 -0400,2011-11-03T04:43:09,NNF-WSp_50_3_00129576.xml
,,,ds-mets-xml,ds-mets,Q49295,Fordham University,MS Item 15,MS Item 15,https://archive.org/details/MSItem15_3,"",Italy?,Q134,s. XIV; 1300-1399,1300^1399,14,http://vocab.getty.edu/aat/300404506,false,Pharsalia,"","","",Q39930,"","","","",Lucan,"",Q41156,"","","","","","","","","","","","",Latin,Q113,parchment,Q33,"Binding: Not bound.|Number of scribes, ff. 1-2v: 1.|Script, ff. 1-2v: Gothic.|Layout, ff. 1-2v: 39 lines in one column, ruled in pencil, prickings visible.","ff. 1-2v: Latin.|ff. 1-2v: Missing one interior bifolium with subsequent gap in text (missing lines 302-461).|Incipit, ff. 1-2v: Terrarum subita percussa expalluit umbra.|Explicit, ff. 1-2v: Cesar ut adversam superato gurgite ripam.",This description kindly prepared by John Moscatiello.,2025-05-19 14:00:11 -0400,2011-11-03T04:44:18,NNF-WSp_50_3_00129577.xml
,,,ds-mets-xml,ds-mets,Q49295,Fordham University,MS Item 25,MS Item 25,https://archive.org/details/MSItem25_3,"",France,Q122,s. XV(in); 1400-1415,1400^1415,15,http://vocab.getty.edu/aat/300404465,false,Book of Hours,"","","",Q795,"","","","","","","","","","","","","","","","","","","",Latin,Q113,parchment,Q33,"Binding: Not bound.|Other decoration, f. 1r-v: 1 gold initial, 5 lines; 2 gold initials, 2 lines; 5 gold initials, 1 line; partly illuminated vines.|Number of scribes, f. 1r-v: 1.|Script, f. 1r-v: Gothic.|Layout, f. 1r-v: 16 long lines in one column, ruled in pencil.","f. 1r-v: Latin.|f. 1r-v: Contains part of the Short Hours of the Holy Spirit.|Incipit, f. 1r-v: Domine quis habitabit in tabernaculo tuo aut quis requiescet.|Explicit, f. 1r-v: et mortalia corpora vestra propter inhabitantem spiritum eius in nobis.",This description kindly prepared by John Moscatiello.,2025-05-19 14:00:11 -0400,2011-11-03T04:45:28,NNF-WSp_50_3_00129578.xml
,,,ds-mets-xml,ds-mets,Q49295,Fordham University,MS Item 29,MS Item 29,https://archive.org/details/MSItem29_3,"",France,Q122,"1335, May 10; s. XIV(2/4); 1325-1350",1325^1350,14,http://vocab.getty.edu/aat/300404506,true,Universis Sancte Matris Ecclesie Filiis ad quos presentes littere pervenerint. Nos miseracione divina Guilelmus Antibarensis . . . archiepiscopus|Indulgence,|,|,|,|Q8174,"","","","","Guilelmus Adae, O.P., bp. of Antivari","",Q40815,"","","","","","","","","","Gift to Walsh Library in 1998; Rev. Theodore Cunnion, S.J. (1970-1998); Mary D. Reiss Library, Loyola Seminary at Shrub Oak, NY (1957-1970); St-Andrew-on-Hudson seminary (1903-1957).","",Q76757,Latin,Q113,parchment,Q33,"Binding: Not bound.|Figurative details, 1 item: One historiated initial with a 6-compartment image.|Other decoration, 1 item: 4 decorated initials.|Number of scribes, 1 item: 2.|Script, 1 item: Gothic rotunda.|Layout, 1 item: Not ruled, 19 long lines.","Manuscript note: Some damage from water, text illegible where parchment has been folded; Colored threads along bottom margin.|1 item: ""Datum avinione x die maii Anno domini M ccc xxxv Et Pontificatus domini Benedicti pape xii Anno primo.""|1 item: Latin.|Face: Standard phrasing of a 40-day indulgence for worship in the chapel of the Virgin and of St. Blaise ""in villa festi Tarentasiensi diocesis"" to those meeting the usual conditions; Guilelmus Adae was in Avignon in 1334 (cf. Th. Kaeppeli, SOPMA n. 1423).|Explicit, Face: Splendor paterne glorie qui sua mundum ineffabili caritate illuminat pia vota fidelium de clementissima eius maiestate sperancium tunc precipue benigno favore prosequitur cum devota ipsorum humilitas sanctorum meritis et precibus adiuvatur. Cupientes.",This description kindly prepared by Morgan Kay Franck.,2025-05-19 14:00:11 -0400,2011-11-03T04:46:38,NNF-WSp_50_3_00129579.xml
,,,ds-mets-xml,ds-mets,Q49295,Fordham University,MS Item 27,MS Item 27,https://archive.org/details/MSItem27_3,"",France,Q122,s. XV/XVI; 1490-1510,1490^1510,15;16,http://vocab.getty.edu/aat/300404465;http://vocab.getty.edu/aat/300404510,false,Choirbook,"","","",Q1449,"","","","","","","","","","","","","","","","","Gift to Walsh Library in 1998; Rev. Theodore Cunnion, S.J. (1970-1998); Mary D. Reiss Library, Loyola Seminary at Shrub Oak, NY (1957-1970); St-Andrew-on-Hudson seminary (1903-1957).","",Q76757,Latin,Q113,parchment,Q33,"Binding: Not bound.|Figurative details, f. 1r-v: One historiated initial.|Number of scribes, f. 1r-v: 1.|Script, f. 1r-v: Gothic.|Music, f. 1r-v: Square notation on 4-line red staves.",f. 1r-v: Cutting of the historiated initial.|f. 1r-v: Latin.|f. 1r-v: Contains part of the service for Pentecost.,This description kindly prepared by Morgan Kay Franck.,2025-05-19 14:00:11 -0400,2011-11-03T04:46:52,NNF-WSp_50_3_00129580.xml
,,,ds-mets-xml,ds-mets,Q49295,Fordham University,MS Item 21,MS Item 21,https://archive.org/details/MSItem21_3,"",Italy,Q134,s. XIV/XV; 1390-1410,1390^1410,14;15,http://vocab.getty.edu/aat/300404506;http://vocab.getty.edu/aat/300404465,false,Laelius de Amicitia,"","","",Q20003,"","","","",Marcus Tullius Cicero,"",Q1813,"","","","","","","","","","","","",Latin,Q113,parchment,Q33,"Other decoration, 2: Initial ""A"" in blue with red harping on f. 1r, beginning the word ""Agrigentinum,"" two lines high.|Number of scribes, 2: 1.|Script, 2: Cancelleresca.|Layout, 2: 2 columns of 44 lines, ruled in dry point.","Manuscript note: Considerable damage to f. 1r, owing to its apparent reuse in some kind of binding, possibly as a civil index. Numerous holes of 1-16mm, including holes from reuse as binding. Top of manuscript has been cut off.|2: Latin.|ff. 1-2v: Contains paragraphs 23-32, 82-93, with a few marginal notations in a later humanist hand, particularly a list of the historical personalities mentioned in para. 28. All f. 1r notations, which appear to be notations on the text, are illegible.|Incipit, ff. 1-2v: quod amici genus adhibere omnino levitatis est.|Explicit, ff. 1-2v: amicitia contineat, tum illa nimirum prestat omnibus.",This description kindly prepared by Nathan Melson and Morgan Kay Franck.,2025-05-19 14:00:11 -0400,2011-11-03T04:47:57,NNF-WSp_50_3_00129581.xml
,,,ds-mets-xml,ds-mets,Q49295,Fordham University,MS Item 10,MS Item 10,https://archive.org/details/MSItem10_3,"",Italy,Q134,s. XIV/XV; 1375-1425,1375^1425,14;15,http://vocab.getty.edu/aat/300404506;http://vocab.getty.edu/aat/300404465,false,Troades|Commentary on a Classical text,|,|,|,Q100392|Q1376,"","","","",Seneca,"",Q6126,"","","","","","","","","","","","",Latin,Q113,parchment,Q33,"Binding: Not bound.|Other decoration, One bifolium: Nota bene ""hand.""|Number of scribes, One bifolium: 2.|Script, One bifolium: Gothic; secretary.|Layout, One bifolium: 2 columns: 1 column of 21 lines (main text), and 1 column of 51 lines (commentary). Unruled.","Manuscript note: Used as a binding fragment, thread still present. Holes and tatters in the MS have been recently covered with rice/tissue paper.|One bifolium: Glossing script is closest to Vitt. Em. 1050 (dated 1418) or Ges. 1027 (dated 1428) in Jemolo, Catalogo dei Manoscritti in Scrittura Latina Datati o Databili (Torino: Bottega D'Erasmo, 1971).|One bifolium: Latin.|ff. 1-2v: Glossing text above in a later hand; Act. 1, vv. 28-61 (on f. 1r-v) and vv. 241-261 (on f. 2r-v).|Incipit, ff. 1-2v: Quid facere victor debeat victus pati.|Explicit, ff. 1-2v: Testor deorum numen adversum michi / patrie que cineres teque rectorem Frigum.|ff. 1-2v: Text is illegible in many places due to holes, water damage, and the folding of the parchment.|Incipit, ff. 1-2v: Hoc color ... ... Aut ... ...preptus.|Explicit, ff. 1-2v: Pergamus ... a ... excisa est ferros incubuit sibi et inse.",This description kindly prepared by Julie Fifelski.,2025-05-19 14:00:11 -0400,2011-11-03T04:50:00,NNF-WSp_50_3_00129582.xml
,,,ds-mets-xml,ds-mets,Q49295,Fordham University,MS Item 05,MS Item 05,https://archive.org/details/MSItem05_3,"",France,Q122,s. XV(ex); 1485-1499,1485^1499,15,http://vocab.getty.edu/aat/300404465,false,Pontifical,"","","",Q1375,"","","","","","","","","","","","","","","","","From the pontifical made for Charles-Orland, son of Charles VIII and Anne de Bretagne (but d. at age 3 in 1496); probably to Geoffroy de Pompadour (d. 1514); Frederick Perkins; Sir Leicester Harmsworth; Estelle Doheny.","",Q100353;Q100354;Q906;Q1809;Q40543,Latin,Q113,parchment,Q33,"Other decoration, f. 1r-v: On the recto, a capital ""I"" shaped border design, with strips across top and bottom margins and between the columns, of painted gold ground with strawberries, flowers, acanthus and a bird.|Script, f. 1r-v: Gothic liturgical book hand.|Music, f. 1r-v: Square notation on 4-line red staves.|Layout, f. 1r-v: 2 columns of 25 lines faintly ruled in ink.","Manuscript note: This leaf and three other leaves missing from the volume presumably already when owned by Estelle Doheny.|Bibliography: For the Doheny volume: W. Bond and C. U. Faye, Supplementto S. de Ricci, Census of Medieval and Renaissance Manuscripts p. 12 n. 42. Doheny sale, Christie's, London, 2 Dec. 1987, lot 172 (sold to the bookseller, Tenschert) with full description.|f. 1r-v: Foliation in red roman numerals in the center of the upper margin, counting by scores, this leaf numbered ""8 x 20 + 1"" (161).|f. 1r-v: Latin.|Incipit, f. 1r-v: qui venturus est iudicare vivos et.|Explicit, f. 1r-v: et post septem psalmos penitenciales in benedictione.","",2025-05-19 14:00:11 -0400,2011-11-03T04:51:14,NNF-WSp_50_3_00129583.xml
,,,ds-mets-xml,ds-mets,Q49295,Fordham University,MS Item 31,MS Item 31,https://archive.org/details/MSItem31_3,"",Italy,Q134,s. XV(ex); 1485-1499,1485^1499,15,http://vocab.getty.edu/aat/300404465,false,Missal,"","","",Q662,"","","","","","","","","","","","","","","","","Dealer's markings in the lower right corner of the recto: 23516, 7|-|-, and a price in pounds (?). Acquired by Fordham University in August 2008 with the materials from Marymount College in Tarrytown, New York upon the closing of that school.","",Q100349,Latin,Q113,parchment,Q33,"Script, f. 1r-v: Gothic.|Layout, f. 1r-v: 2 columns of 32 lines.",f. 1r-v: Latin.,"",2025-05-19 14:00:11 -0400,2011-11-03T04:52:13,NNF-WSp_50_3_00129584.xml
,,,ds-mets-xml,ds-mets,Q49295,Fordham University,MS Item 32,MS Item 32,https://archive.org/details/MSItem32_3,"",France,Q122,s. XV(2); 1450-1499,1450^1499,15,http://vocab.getty.edu/aat/300404465,false,Book of Hours,"","","",Q795,"","","","","","","","","","","","","","","","","Acquired by Fordham University in August 2008 with the materials from Marymount College in Tarrytown, New York upon the closing of that school.","",Q100349,Latin,Q113,parchment,Q33,"Script, f. 1r-v: Gothic.|Layout, f. 1r-v: 21 long lines.","Manuscript note: In the large rectangular mat, with red rules around the opening, typical of those used by Otto Ege.|f. 1r-v: Latin.|f. 1r-v: Contains part of the Office of the Dead: Lesson 4, Responde michi quantas habeo (resp. Heu michi domine); Lesson 5, Homo natus de muliere (resp. Ne recorderis); Lesson 6, Quis michi hoc tribuat.","",2025-05-19 14:00:11 -0400,2011-11-03T04:53:23,NNF-WSp_50_3_00129585.xml
,,,ds-mets-xml,ds-mets,Q49295,Fordham University,MS Item 33,MS Item 33,https://archive.org/details/MSItem33_3,"",France,Q122,s. XV; 1400-1499,1400^1499,15,http://vocab.getty.edu/aat/300404465,false,Book of Hours,"","","",Q795,"","","","","","","","","","","","","","","","","Acquired by Fordham University in August 2008 with the materials from Marymount College in Tarrytown, New York upon the closing of that school.","",Q100349,Latin,Q113,parchment,Q33,"Layout, f. 1r-v: 15 long lines.","Manuscript note: In a mat with inscription in pencil along the bottom edge, ""France--Brittany--Hours of the Virgin--15th century,"" and a price in dollars ($7) on the far left; on the right ""single decoration.""|f. 1r-v: Latin.","",2025-05-19 14:00:11 -0400,2011-11-03T04:54:32,NNF-WSp_50_3_00129586.xml
,,,ds-mets-xml,ds-mets,Q49295,Fordham University,MS Item 34,MS Item 34,https://archive.org/details/MSItem34_3,"",England,Q133,"1544, January 24; s. XVI(2/4); 1525-1550",1525^1550,16,http://vocab.getty.edu/aat/300404510,true,Sale of land,"","","",Q6029,"","","","","","","","","","","","","","","","","Bequest of Father Albert J. Loomie, S. J. (d. 2002), professor of history at Fordham University.","",Q100355,Latin,Q113,parchment,Q33,"","1 item: Latin.|Face: This ""final agreement"" was made in the court of Queen Elizabeth at Westminster; hence her seal.|Explicit, Face: Elizabeth dei gratia Anglie ffrancie et hibernie Regina fidei defensor et cetera. Quibus ad quos presentes littere nostre pervenerint Salutem. Sciatis quod inter recorda ac pedes finium.|Explicit, Face: Walter Fishe, gentleman, and Elizabeth his wife transfer title to the manor of Great Finborough (Stowmarket, Suffolk) to Edmund Withipolle, nobleman and to Edmund Wyseman, gentleman, for 230 silver marks.|Docket: Walter Fishe, gentleman, and Elizabeth his wife transfer title to the manor of Great Finborough (Stowmarket, Suffolk) to Edmund Withipolle, nobleman and to Edmund Wyseman, gentleman, for 230 silver marks.","",2025-05-19 14:00:11 -0400,2011-11-03T04:55:40,NNF-WSp_50_3_00129587.xml
,,,ds-mets-xml,ds-mets,Q49295,Fordham University,MS Item 35,MS Item 35,https://archive.org/details/MSItem35_3,"",England,Q133,1723; s. XVIII(1/4); 1700-1725,1700^1725,18,http://vocab.getty.edu/aat/300404512,true,Sale of land,"","","",Q6029,"","","","","","","","","","","","","","","","","Bequest of Father Albert J. Loomie, S. J. (d. 2002), professor of history at Fordham University.","",Q100355,Latin,Q113,parchment,Q33,"","1 item: The document is chirograph.|1 item: Latin.|Face: This ""final agreement"" was made in the court of King George (presumably I) at Westminster.|Explicit, Face: Hec est finalis concordia facta in curia domini Regis apud Westmonasterium in die sancti martini in quindecim dies Anno regnorum Georgii Dei gratia magne Britannie ffrancie et hibernie Regis fidei defensoris et cetera a conquesto nono.|Explicit, Face: Benjamin Rivere and his wife Elizabeth (and others) transfer title to land in Great Finborough (Stowmarket, Suffolk) to John River for 60 pounds.|Docket: Benjamin Rivere and his wife Elizabeth (and others) transfer title to land in Great Finborough (Stowmarket, Suffolk) to John River for 60 pounds.","",2025-05-19 14:00:11 -0400,2011-11-03T04:55:52,NNF-WSp_50_3_00129588.xml
