row_index,workflow_history,name_as_recorded,role,name_agr,source_authority_uri,authorized_label_add,instance_of_add,structured_value_add,instance_of,authorized_label,structured_value
1,"NAME RECON STEP 2: ROWS INDEXED, WORKFLOW STARTED 2024-02-21T17:16:57.648222Z | NAME RECON STEP 3: START HUMAN RECON 2024-02-21T17:17:15.523795Z | NAME RECON STEP 4.0: KNOWN HUMAN APPLIED 2024-02-21T17:17:47.169076Z | NAME RECON STEP 4.1: KNOWN HUMAN APPLIED 2024-02-21T17:18:05.010004Z | NAME RECON STEP 4.2: KNOWN HUMAN APPLIED 2024-02-21T17:18:17.389025Z | NAME RECON STEP 6: START ORG RECON 2024-02-21T18:25:48.762594Z | NAME RECON STEP 7: KNOWN ORG APPLIED 2024-02-21T18:27:17.397442Z | NAME RECON STEP 9: FINALIZED 2024-02-21T18:27:32.890209Z","Abdel Gawad, Mohammed",author,,,Mohammed Abdel Gawad,human,Q124629900,,,
2,"NAME RECON STEP 2: ROWS INDEXED, WORKFLOW STARTED 2024-02-21T17:16:57.648488Z | NAME RECON STEP 3: START HUMAN RECON 2024-02-21T17:17:15.524108Z | NAME RECON STEP 4.0: KNOWN HUMAN APPLIED 2024-02-21T17:17:47.169418Z | NAME RECON STEP 4.1: KNOWN HUMAN APPLIED 2024-02-21T17:18:05.010085Z | NAME RECON STEP 4.2: KNOWN HUMAN APPLIED 2024-02-21T17:18:17.389863Z | NAME RECON STEP 6: START ORG RECON 2024-02-21T18:25:48.762920Z | NAME RECON STEP 7: KNOWN ORG APPLIED 2024-02-21T18:27:17.397711Z | NAME RECON STEP 9: FINALIZED 2024-02-21T18:27:32.890476Z","Benincà, Bartolomeo de",illuminator,,,Bartolomeo de Benincà,human,Q2886106,,,
3,"NAME RECON STEP 2: ROWS INDEXED, WORKFLOW STARTED 2024-02-21T17:16:57.648510Z | NAME RECON STEP 3: START HUMAN RECON 2024-02-21T17:17:15.524124Z | NAME RECON STEP 4.0: KNOWN HUMAN APPLIED 2024-02-21T17:17:47.169425Z | NAME RECON STEP 4.1: KNOWN HUMAN APPLIED 2024-02-21T17:18:05.010088Z | NAME RECON STEP 4.2: KNOWN HUMAN APPLIED 2024-02-21T17:18:17.389875Z | NAME RECON STEP 6: START ORG RECON 2024-02-21T18:25:48.762927Z | NAME RECON STEP 7: KNOWN ORG APPLIED 2024-02-21T18:27:17.397714Z | NAME RECON STEP 9: FINALIZED 2024-02-21T18:27:32.890493Z","Brambilla, Giovanni Alessandro, 1728-1800",former owner,,,Giovanni Alessandro Brambilla,human,Q142120,,,
4,"NAME RECON STEP 2: ROWS INDEXED, WORKFLOW STARTED 2024-02-21T17:16:57.648515Z | NAME RECON STEP 3: START HUMAN RECON 2024-02-21T17:17:15.524129Z | NAME RECON STEP 4.0: KNOWN HUMAN APPLIED 2024-02-21T17:17:47.169428Z | NAME RECON STEP 4.1: KNOWN HUMAN APPLIED 2024-02-21T17:18:05.010092Z | NAME RECON STEP 4.2: KNOWN HUMAN APPLIED 2024-02-21T17:18:17.389883Z | NAME RECON STEP 6: START ORG RECON 2024-02-21T18:25:48.762933Z | NAME RECON STEP 7: KNOWN ORG APPLIED 2024-02-21T18:27:17.397724Z | NAME RECON STEP 9: FINALIZED 2024-02-21T18:27:32.890498Z",Catholic Church,author,,,,,,organization,Catholic Church,Q9592
5,"NAME RECON STEP 2: ROWS INDEXED, WORKFLOW STARTED 2024-02-21T17:16:57.648519Z | NAME RECON STEP 3: START HUMAN RECON 2024-02-21T17:17:15.524134Z | NAME RECON STEP 4.0: KNOWN HUMAN APPLIED 2024-02-21T17:17:47.169436Z | NAME RECON STEP 4.1: KNOWN HUMAN APPLIED 2024-02-21T17:18:05.010096Z | NAME RECON STEP 4.2: KNOWN HUMAN APPLIED 2024-02-21T17:18:17.389888Z | NAME RECON STEP 6: START ORG RECON 2024-02-21T18:25:48.762951Z | NAME RECON STEP 7: KNOWN ORG APPLIED 2024-02-21T18:27:17.397732Z | NAME RECON STEP 9: FINALIZED 2024-02-21T18:27:32.890536Z",Catholic Church. Pope (1294-1303 : Boniface VIII),author,,,Boniface VIII,human,Q134646,,,
6,"NAME RECON STEP 2: ROWS INDEXED, WORKFLOW STARTED 2024-02-21T17:16:57.648528Z | NAME RECON STEP 3: START HUMAN RECON 2024-02-21T17:17:15.524142Z | NAME RECON STEP 4.0: KNOWN HUMAN APPLIED 2024-02-21T17:17:47.169445Z | NAME RECON STEP 4.1: KNOWN HUMAN APPLIED 2024-02-21T17:18:05.010101Z | NAME RECON STEP 4.2: KNOWN HUMAN APPLIED 2024-02-21T17:18:17.389901Z | NAME RECON STEP 6: START ORG RECON 2024-02-21T18:25:48.762955Z | NAME RECON STEP 7: KNOWN ORG APPLIED 2024-02-21T18:27:17.397734Z | NAME RECON STEP 9: FINALIZED 2024-02-21T18:27:32.890547Z",Church of the East,author,,,Church of the East,human,Q989799,,,
7,"NAME RECON STEP 2: ROWS INDEXED, WORKFLOW STARTED 2024-02-21T17:16:57.648532Z | NAME RECON STEP 3: START HUMAN RECON 2024-02-21T17:17:15.524146Z | NAME RECON STEP 4.0: KNOWN HUMAN APPLIED 2024-02-21T17:17:47.169448Z | NAME RECON STEP 4.1: KNOWN HUMAN APPLIED 2024-02-21T17:18:05.010103Z | NAME RECON STEP 4.2: KNOWN HUMAN APPLIED 2024-02-21T17:18:17.389909Z | NAME RECON STEP 6: START ORG RECON 2024-02-21T18:25:48.762960Z | NAME RECON STEP 7: KNOWN ORG APPLIED 2024-02-21T18:27:17.397748Z | NAME RECON STEP 9: FINALIZED 2024-02-21T18:27:32.890551Z","Cyriacus, Bishop of al-Bahnasā",author,,,"Cyriacus, Bishop of al-Bahnasā",human,Q124629901,,,
8,"NAME RECON STEP 2: ROWS INDEXED, WORKFLOW STARTED 2024-02-21T17:16:57.648736Z | NAME RECON STEP 3: START HUMAN RECON 2024-02-21T17:17:15.524151Z | NAME RECON STEP 4.0: KNOWN HUMAN APPLIED 2024-02-21T17:17:47.169455Z | NAME RECON STEP 4.1: KNOWN HUMAN APPLIED 2024-02-21T17:18:05.010107Z | NAME RECON STEP 4.2: KNOWN HUMAN APPLIED 2024-02-21T17:18:17.389915Z | NAME RECON STEP 6: START ORG RECON 2024-02-21T18:25:48.762967Z | NAME RECON STEP 7: KNOWN ORG APPLIED 2024-02-21T18:27:17.397757Z | NAME RECON STEP 9: FINALIZED 2024-02-21T18:27:32.890555Z","Dauphinais, Sarah",former owner,,,Sarah Dauphinais,human,Q124629902,,,
9,"NAME RECON STEP 2: ROWS INDEXED, WORKFLOW STARTED 2024-02-21T17:16:57.649644Z | NAME RECON STEP 3: START HUMAN RECON 2024-02-21T17:17:15.524165Z | NAME RECON STEP 4.0: KNOWN HUMAN APPLIED 2024-02-21T17:17:47.169461Z | NAME RECON STEP 4.1: KNOWN HUMAN APPLIED 2024-02-21T17:18:05.010110Z | NAME RECON STEP 4.2: KNOWN HUMAN APPLIED 2024-02-21T17:18:17.389930Z | NAME RECON STEP 6: START ORG RECON 2024-02-21T18:25:48.762971Z | NAME RECON STEP 7: KNOWN ORG APPLIED 2024-02-21T18:27:17.397763Z | NAME RECON STEP 9: FINALIZED 2024-02-21T18:27:32.890562Z","Ege, Otto F",former owner,,,,,,human,Otto Ege,Q7109575
10,"NAME RECON STEP 2: ROWS INDEXED, WORKFLOW STARTED 2024-02-21T17:16:57.649652Z | NAME RECON STEP 3: START HUMAN RECON 2024-02-21T17:17:15.524170Z | NAME RECON STEP 4.0: KNOWN HUMAN APPLIED 2024-02-21T17:17:47.169464Z | NAME RECON STEP 4.1: KNOWN HUMAN APPLIED 2024-02-21T17:18:05.010113Z | NAME RECON STEP 4.2: KNOWN HUMAN APPLIED 2024-02-21T17:18:17.389941Z | NAME RECON STEP 6: START ORG RECON 2024-02-21T18:25:48.762975Z | NAME RECON STEP 7: KNOWN ORG APPLIED 2024-02-21T18:27:17.397768Z | NAME RECON STEP 9: FINALIZED 2024-02-21T18:27:32.890566Z",England. Sovereign (1327-1377 : Edward III),author,,,Edward III of England,human,Q129247,,,
11,"NAME RECON STEP 2: ROWS INDEXED, WORKFLOW STARTED 2024-02-21T17:16:57.649661Z | NAME RECON STEP 3: START HUMAN RECON 2024-02-21T17:17:15.524174Z | NAME RECON STEP 4.0: KNOWN HUMAN APPLIED 2024-02-21T17:17:47.169468Z | NAME RECON STEP 4.1: KNOWN HUMAN APPLIED 2024-02-21T17:18:05.010120Z | NAME RECON STEP 4.2: KNOWN HUMAN APPLIED 2024-02-21T17:18:17.389946Z | NAME RECON STEP 6: START ORG RECON 2024-02-21T18:25:48.762984Z | NAME RECON STEP 7: KNOWN ORG APPLIED 2024-02-21T18:27:17.397770Z | NAME RECON STEP 9: FINALIZED 2024-02-21T18:27:32.890570Z","Este, Leonello d', 1407-1450",former owner,,,,,,human,"Leonello d'Este, Marquis of Ferrara",Q1379797
12,"NAME RECON STEP 2: ROWS INDEXED, WORKFLOW STARTED 2024-02-21T17:16:57.649666Z | NAME RECON STEP 3: START HUMAN RECON 2024-02-21T17:17:15.524183Z | NAME RECON STEP 4.0: KNOWN HUMAN APPLIED 2024-02-21T17:17:47.169479Z | NAME RECON STEP 4.1: KNOWN HUMAN APPLIED 2024-02-21T17:18:05.010127Z | NAME RECON STEP 4.2: KNOWN HUMAN APPLIED 2024-02-21T17:18:17.389962Z | NAME RECON STEP 6: START ORG RECON 2024-02-21T18:25:48.762989Z | NAME RECON STEP 7: KNOWN ORG APPLIED 2024-02-21T18:27:17.397778Z | NAME RECON STEP 9: FINALIZED 2024-02-21T18:27:32.890577Z","Fischmann, Gail",former owner,,,Gail Fischmann,human,Q124629903,,,
13,"NAME RECON STEP 2: ROWS INDEXED, WORKFLOW STARTED 2024-02-21T17:16:57.649670Z | NAME RECON STEP 3: START HUMAN RECON 2024-02-21T17:17:15.524188Z | NAME RECON STEP 4.0: KNOWN HUMAN APPLIED 2024-02-21T17:17:47.169482Z | NAME RECON STEP 4.1: KNOWN HUMAN APPLIED 2024-02-21T17:18:05.010130Z | NAME RECON STEP 4.2: KNOWN HUMAN APPLIED 2024-02-21T17:18:17.389970Z | NAME RECON STEP 6: START ORG RECON 2024-02-21T18:25:48.762994Z | NAME RECON STEP 7: KNOWN ORG APPLIED 2024-02-21T18:27:17.397790Z | NAME RECON STEP 9: FINALIZED 2024-02-21T18:27:32.890581Z","Fischmann, Milton, d. 1974",former owner,,,Milton Fischmann,human,Q124629904,,,
14,"NAME RECON STEP 2: ROWS INDEXED, WORKFLOW STARTED 2024-02-21T17:16:57.649678Z | NAME RECON STEP 3: START HUMAN RECON 2024-02-21T17:17:15.524192Z | NAME RECON STEP 4.0: KNOWN HUMAN APPLIED 2024-02-21T17:17:47.169487Z | NAME RECON STEP 4.1: KNOWN HUMAN APPLIED 2024-02-21T17:18:05.010135Z | NAME RECON STEP 4.2: KNOWN HUMAN APPLIED 2024-02-21T17:18:17.389975Z | NAME RECON STEP 6: START ORG RECON 2024-02-21T18:25:48.763003Z | NAME RECON STEP 7: KNOWN ORG APPLIED 2024-02-21T18:27:17.397792Z | NAME RECON STEP 9: FINALIZED 2024-02-21T18:27:32.890585Z","Fischmann, Milton, d.1974",former owner,,,Milton Fischmann,human,Q124629904,,,
15,"NAME RECON STEP 2: ROWS INDEXED, WORKFLOW STARTED 2024-02-21T17:16:57.649683Z | NAME RECON STEP 3: START HUMAN RECON 2024-02-21T17:17:15.524203Z | NAME RECON STEP 4.0: KNOWN HUMAN APPLIED 2024-02-21T17:17:47.169493Z | NAME RECON STEP 4.1: KNOWN HUMAN APPLIED 2024-02-21T17:18:05.010137Z | NAME RECON STEP 4.2: KNOWN HUMAN APPLIED 2024-02-21T17:18:17.389984Z | NAME RECON STEP 6: START ORG RECON 2024-02-21T18:25:48.763007Z | NAME RECON STEP 7: KNOWN ORG APPLIED 2024-02-21T18:27:17.397795Z | NAME RECON STEP 9: FINALIZED 2024-02-21T18:27:32.890599Z","Freudenheim, Betty",former owner,,,Betty Freudenheim,human,Q124255030,,,
16,"NAME RECON STEP 2: ROWS INDEXED, WORKFLOW STARTED 2024-02-21T17:16:57.649687Z | NAME RECON STEP 3: START HUMAN RECON 2024-02-21T17:17:15.524207Z | NAME RECON STEP 4.0: KNOWN HUMAN APPLIED 2024-02-21T17:17:47.169495Z | NAME RECON STEP 4.1: KNOWN HUMAN APPLIED 2024-02-21T17:18:05.010140Z | NAME RECON STEP 4.2: KNOWN HUMAN APPLIED 2024-02-21T17:18:17.389991Z | NAME RECON STEP 6: START ORG RECON 2024-02-21T18:25:48.763012Z | NAME RECON STEP 7: KNOWN ORG APPLIED 2024-02-21T18:27:17.397806Z | NAME RECON STEP 9: FINALIZED 2024-02-21T18:27:32.890604Z","Gayferos de Eguiraum, Juan de, active 1587",former owner,,,Juan de Gayferos de Eguiraum,human,Q124629905,,,
17,"NAME RECON STEP 2: ROWS INDEXED, WORKFLOW STARTED 2024-02-21T17:16:57.649694Z | NAME RECON STEP 3: START HUMAN RECON 2024-02-21T17:17:15.524211Z | NAME RECON STEP 4.0: KNOWN HUMAN APPLIED 2024-02-21T17:17:47.169501Z | NAME RECON STEP 4.1: KNOWN HUMAN APPLIED 2024-02-21T17:18:05.010148Z | NAME RECON STEP 4.2: KNOWN HUMAN APPLIED 2024-02-21T17:18:17.389999Z | NAME RECON STEP 6: START ORG RECON 2024-02-21T18:25:48.763025Z | NAME RECON STEP 7: KNOWN ORG APPLIED 2024-02-21T18:27:17.397810Z | NAME RECON STEP 9: FINALIZED 2024-02-21T18:27:32.890608Z","Giorgio, d'Alemagna, active 1441-1479",illuminator,,,Giorgio d'Alemagna,human,Q3106916,,,
18,"NAME RECON STEP 2: ROWS INDEXED, WORKFLOW STARTED 2024-02-21T17:16:57.649699Z | NAME RECON STEP 3: START HUMAN RECON 2024-02-21T17:17:15.524221Z | NAME RECON STEP 4.0: KNOWN HUMAN APPLIED 2024-02-21T17:17:47.169506Z | NAME RECON STEP 4.1: KNOWN HUMAN APPLIED 2024-02-21T17:18:05.010150Z | NAME RECON STEP 4.2: KNOWN HUMAN APPLIED 2024-02-21T17:18:17.390007Z | NAME RECON STEP 6: START ORG RECON 2024-02-21T18:25:48.763029Z | NAME RECON STEP 7: KNOWN ORG APPLIED 2024-02-21T18:27:17.397812Z | NAME RECON STEP 9: FINALIZED 2024-02-21T18:27:32.890615Z","Giraldi, Guglielmo, -approximately 1480",illuminator,,,Guglielmo Giraldi,human,Q3119276,,,
19,"NAME RECON STEP 2: ROWS INDEXED, WORKFLOW STARTED 2024-02-21T17:16:57.649703Z | NAME RECON STEP 3: START HUMAN RECON 2024-02-21T17:17:15.524226Z | NAME RECON STEP 4.0: KNOWN HUMAN APPLIED 2024-02-21T17:17:47.169508Z | NAME RECON STEP 4.1: KNOWN HUMAN APPLIED 2024-02-21T17:18:05.010153Z | NAME RECON STEP 4.2: KNOWN HUMAN APPLIED 2024-02-21T17:18:17.390015Z | NAME RECON STEP 6: START ORG RECON 2024-02-21T18:25:48.763033Z | NAME RECON STEP 7: KNOWN ORG APPLIED 2024-02-21T18:27:17.397817Z | NAME RECON STEP 9: FINALIZED 2024-02-21T18:27:32.890619Z","Gregory I, Pope, approximately 540-604",author,,,,,,human,Gregory I,Q42827
20,"NAME RECON STEP 2: ROWS INDEXED, WORKFLOW STARTED 2024-02-21T17:16:57.649717Z | NAME RECON STEP 3: START HUMAN RECON 2024-02-21T17:17:15.524230Z | NAME RECON STEP 4.0: KNOWN HUMAN APPLIED 2024-02-21T17:17:47.169516Z | NAME RECON STEP 4.1: KNOWN HUMAN APPLIED 2024-02-21T17:18:05.010157Z | NAME RECON STEP 4.2: KNOWN HUMAN APPLIED 2024-02-21T17:18:17.390020Z | NAME RECON STEP 6: START ORG RECON 2024-02-21T18:25:48.763041Z | NAME RECON STEP 7: KNOWN ORG APPLIED 2024-02-21T18:27:17.397819Z | NAME RECON STEP 9: FINALIZED 2024-02-21T18:27:32.890623Z","Grigor, Tatʻevatsʻi, Saint, 1346-1409",author,,,Gregory of Tatev,human,Q2996527,,,
21,"NAME RECON STEP 2: ROWS INDEXED, WORKFLOW STARTED 2024-02-21T17:16:57.649721Z | NAME RECON STEP 3: START HUMAN RECON 2024-02-21T17:17:15.524243Z | NAME RECON STEP 4.0: KNOWN HUMAN APPLIED 2024-02-21T17:17:47.169521Z | NAME RECON STEP 4.1: KNOWN HUMAN APPLIED 2024-02-21T17:18:05.010159Z | NAME RECON STEP 4.2: KNOWN HUMAN APPLIED 2024-02-21T17:18:17.390037Z | NAME RECON STEP 6: START ORG RECON 2024-02-21T18:25:48.763045Z | NAME RECON STEP 7: KNOWN ORG APPLIED 2024-02-21T18:27:17.397821Z | NAME RECON STEP 9: FINALIZED 2024-02-21T18:27:32.890629Z","Jacobus, de Voragine, approximately 1229-1298",author,,,,,,human,Jacobus de Voragine,Q313460
22,"NAME RECON STEP 2: ROWS INDEXED, WORKFLOW STARTED 2024-02-21T17:16:57.649728Z | NAME RECON STEP 3: START HUMAN RECON 2024-02-21T17:17:15.524248Z | NAME RECON STEP 4.0: KNOWN HUMAN APPLIED 2024-02-21T17:17:47.169526Z | NAME RECON STEP 4.1: KNOWN HUMAN APPLIED 2024-02-21T17:18:05.010167Z | NAME RECON STEP 4.2: KNOWN HUMAN APPLIED 2024-02-21T17:18:17.390057Z | NAME RECON STEP 6: START ORG RECON 2024-02-21T18:25:48.763049Z | NAME RECON STEP 7: KNOWN ORG APPLIED 2024-02-21T18:27:17.397828Z | NAME RECON STEP 9: FINALIZED 2024-02-21T18:27:32.890634Z","Llangattock, John Allan Rolls, Baron , 1837-1912",former owner,,,,,,human,"John Rolls, 1st Baron Llangattock",Q1101328
23,"NAME RECON STEP 2: ROWS INDEXED, WORKFLOW STARTED 2024-02-21T17:16:57.649733Z | NAME RECON STEP 3: START HUMAN RECON 2024-02-21T17:17:15.524253Z | NAME RECON STEP 4.0: KNOWN HUMAN APPLIED 2024-02-21T17:17:47.169532Z | NAME RECON STEP 4.1: KNOWN HUMAN APPLIED 2024-02-21T17:18:05.010174Z | NAME RECON STEP 4.2: KNOWN HUMAN APPLIED 2024-02-21T17:18:17.390062Z | NAME RECON STEP 6: START ORG RECON 2024-02-21T18:25:48.763056Z | NAME RECON STEP 7: KNOWN ORG APPLIED 2024-02-21T18:27:17.397830Z | NAME RECON STEP 9: FINALIZED 2024-02-21T18:27:32.890638Z","Malacarne, Vincenzo, 1744-1816",former owner,,,Vincenzo Malacarne,human,Q4013365,,,
24,"NAME RECON STEP 2: ROWS INDEXED, WORKFLOW STARTED 2024-02-21T17:16:57.649737Z | NAME RECON STEP 3: START HUMAN RECON 2024-02-21T17:17:15.524263Z | NAME RECON STEP 4.0: KNOWN HUMAN APPLIED 2024-02-21T17:17:47.169540Z | NAME RECON STEP 4.1: KNOWN HUMAN APPLIED 2024-02-21T17:18:05.010181Z | NAME RECON STEP 4.2: KNOWN HUMAN APPLIED 2024-02-21T17:18:17.390071Z | NAME RECON STEP 6: START ORG RECON 2024-02-21T18:25:48.763060Z | NAME RECON STEP 7: KNOWN ORG APPLIED 2024-02-21T18:27:17.397831Z | NAME RECON STEP 9: FINALIZED 2024-02-21T18:27:32.890645Z","Niẓāmī Ganjavī, 1140 or 1141-1202 or 1203",author,,,,,,human,Nezami Ganjavi,Q234908
25,"NAME RECON STEP 2: ROWS INDEXED, WORKFLOW STARTED 2024-02-21T17:16:57.649743Z | NAME RECON STEP 3: START HUMAN RECON 2024-02-21T17:17:15.524268Z | NAME RECON STEP 4.0: KNOWN HUMAN APPLIED 2024-02-21T17:17:47.169543Z | NAME RECON STEP 4.1: KNOWN HUMAN APPLIED 2024-02-21T17:18:05.010184Z | NAME RECON STEP 4.2: KNOWN HUMAN APPLIED 2024-02-21T17:18:17.390081Z | NAME RECON STEP 6: START ORG RECON 2024-02-21T18:25:48.763064Z | NAME RECON STEP 7: KNOWN ORG APPLIED 2024-02-21T18:27:17.397869Z | NAME RECON STEP 9: FINALIZED 2024-02-21T18:27:32.890649Z","Pasti, Matteo de', approximately 1420-approximately 1467",illuminator,,,Matteo di Andrea de' Pasti,human,Q3367126,,,
26,"NAME RECON STEP 2: ROWS INDEXED, WORKFLOW STARTED 2024-02-21T17:16:57.649747Z | NAME RECON STEP 3: START HUMAN RECON 2024-02-21T17:17:15.524273Z | NAME RECON STEP 4.0: KNOWN HUMAN APPLIED 2024-02-21T17:17:47.169548Z | NAME RECON STEP 4.1: KNOWN HUMAN APPLIED 2024-02-21T17:18:05.010188Z | NAME RECON STEP 4.2: KNOWN HUMAN APPLIED 2024-02-21T17:18:17.390086Z | NAME RECON STEP 6: START ORG RECON 2024-02-21T18:25:48.763073Z | NAME RECON STEP 7: KNOWN ORG APPLIED 2024-02-21T18:27:17.397895Z | NAME RECON STEP 9: FINALIZED 2024-02-21T18:27:32.890652Z","Petrarca, Francesco, 1304-1374",author,,,,,,human,Petrarch,Q1401
27,"NAME RECON STEP 2: ROWS INDEXED, WORKFLOW STARTED 2024-02-21T17:16:57.649752Z | NAME RECON STEP 3: START HUMAN RECON 2024-02-21T17:17:15.524283Z | NAME RECON STEP 4.0: KNOWN HUMAN APPLIED 2024-02-21T17:17:47.169552Z | NAME RECON STEP 4.1: KNOWN HUMAN APPLIED 2024-02-21T17:18:05.010190Z | NAME RECON STEP 4.2: KNOWN HUMAN APPLIED 2024-02-21T17:18:17.390093Z | NAME RECON STEP 6: START ORG RECON 2024-02-21T18:25:48.763077Z | NAME RECON STEP 7: KNOWN ORG APPLIED 2024-02-21T18:27:17.397902Z | NAME RECON STEP 9: FINALIZED 2024-02-21T18:27:32.890662Z","Ruffo, Giordano, -1256",author,,,,,,human,Giordano Ruffo,Q3106874
28,"NAME RECON STEP 2: ROWS INDEXED, WORKFLOW STARTED 2024-02-21T17:16:57.649759Z | NAME RECON STEP 3: START HUMAN RECON 2024-02-21T17:17:15.524288Z | NAME RECON STEP 4.0: KNOWN HUMAN APPLIED 2024-02-21T17:17:47.169556Z | NAME RECON STEP 4.1: KNOWN HUMAN APPLIED 2024-02-21T17:18:05.010199Z | NAME RECON STEP 4.2: KNOWN HUMAN APPLIED 2024-02-21T17:18:17.390106Z | NAME RECON STEP 6: START ORG RECON 2024-02-21T18:25:48.763082Z | NAME RECON STEP 7: KNOWN ORG APPLIED 2024-02-21T18:27:17.397921Z | NAME RECON STEP 9: FINALIZED 2024-02-21T18:27:32.890666Z","Savage, John A., Jr., approximately 1832-1864",former owner,,,John A. Savage Jr.,human,Q124629906,,,
29,"NAME RECON STEP 2: ROWS INDEXED, WORKFLOW STARTED 2024-02-21T17:16:57.649764Z | NAME RECON STEP 3: START HUMAN RECON 2024-02-21T17:17:15.524292Z | NAME RECON STEP 4.0: KNOWN HUMAN APPLIED 2024-02-21T17:17:47.169562Z | NAME RECON STEP 4.1: KNOWN HUMAN APPLIED 2024-02-21T17:18:05.010203Z | NAME RECON STEP 4.2: KNOWN HUMAN APPLIED 2024-02-21T17:18:17.390111Z | NAME RECON STEP 6: START ORG RECON 2024-02-21T18:25:48.763100Z | NAME RECON STEP 7: KNOWN ORG APPLIED 2024-02-21T18:27:17.397924Z | NAME RECON STEP 9: FINALIZED 2024-02-21T18:27:32.890671Z",Saʻdī,author,,,,,,human,Saadi,Q170302
30,"NAME RECON STEP 2: ROWS INDEXED, WORKFLOW STARTED 2024-02-21T17:16:57.649768Z | NAME RECON STEP 3: START HUMAN RECON 2024-02-21T17:17:15.524300Z | NAME RECON STEP 4.0: KNOWN HUMAN APPLIED 2024-02-21T17:17:47.169566Z | NAME RECON STEP 4.1: KNOWN HUMAN APPLIED 2024-02-21T17:18:05.010206Z | NAME RECON STEP 4.2: KNOWN HUMAN APPLIED 2024-02-21T17:18:17.390119Z | NAME RECON STEP 6: START ORG RECON 2024-02-21T18:25:48.763104Z | NAME RECON STEP 7: KNOWN ORG APPLIED 2024-02-21T18:27:17.397927Z | NAME RECON STEP 9: FINALIZED 2024-02-21T18:27:32.890678Z","Slotkin, Stanley S",former owner,,,Stanley Slotkin,human,Q7599952,,,
31,"NAME RECON STEP 2: ROWS INDEXED, WORKFLOW STARTED 2024-02-21T17:16:57.649781Z | NAME RECON STEP 3: START HUMAN RECON 2024-02-21T17:17:15.524305Z | NAME RECON STEP 4.0: KNOWN HUMAN APPLIED 2024-02-21T17:17:47.169568Z | NAME RECON STEP 4.1: KNOWN HUMAN APPLIED 2024-02-21T17:18:05.010208Z | NAME RECON STEP 4.2: KNOWN HUMAN APPLIED 2024-02-21T17:18:17.390127Z | NAME RECON STEP 6: START ORG RECON 2024-02-21T18:25:48.763109Z | NAME RECON STEP 7: KNOWN ORG APPLIED 2024-02-21T18:27:17.397933Z | NAME RECON STEP 9: FINALIZED 2024-02-21T18:27:32.890682Z",Society of Foliophiles,former owner,,,Foliophiles,organization,Q124515306,,,
32,"NAME RECON STEP 2: ROWS INDEXED, WORKFLOW STARTED 2024-02-21T17:16:57.649786Z | NAME RECON STEP 3: START HUMAN RECON 2024-02-21T17:17:15.524309Z | NAME RECON STEP 4.0: KNOWN HUMAN APPLIED 2024-02-21T17:17:47.169608Z | NAME RECON STEP 4.1: KNOWN HUMAN APPLIED 2024-02-21T17:18:05.010212Z | NAME RECON STEP 4.2: KNOWN HUMAN APPLIED 2024-02-21T17:18:17.390131Z | NAME RECON STEP 6: START ORG RECON 2024-02-21T18:25:48.763120Z | NAME RECON STEP 7: KNOWN ORG APPLIED 2024-02-21T18:27:17.397935Z | NAME RECON STEP 9: FINALIZED 2024-02-21T18:27:32.890686Z",Spain. Sovereign (1556-1598 : Philip II),author,,,,,,organization,Spain,Q29
33,"NAME RECON STEP 2: ROWS INDEXED, WORKFLOW STARTED 2024-02-21T17:16:57.649791Z | NAME RECON STEP 3: START HUMAN RECON 2024-02-21T17:17:15.524326Z | NAME RECON STEP 4.0: KNOWN HUMAN APPLIED 2024-02-21T17:17:47.169614Z | NAME RECON STEP 4.1: KNOWN HUMAN APPLIED 2024-02-21T17:18:05.010214Z | NAME RECON STEP 4.2: KNOWN HUMAN APPLIED 2024-02-21T17:18:17.390141Z | NAME RECON STEP 6: START ORG RECON 2024-02-21T18:25:48.763124Z | NAME RECON STEP 7: KNOWN ORG APPLIED 2024-02-21T18:27:17.397937Z | NAME RECON STEP 9: FINALIZED 2024-02-21T18:27:32.890694Z","St. Mary's College (Saint Marys, Kan.), 1848-1968",former owner,,,St. Mary's College,organization,Q97400492,,,
34,"NAME RECON STEP 2: ROWS INDEXED, WORKFLOW STARTED 2024-02-21T17:16:57.649798Z | NAME RECON STEP 3: START HUMAN RECON 2024-02-21T17:17:15.524330Z | NAME RECON STEP 4.0: KNOWN HUMAN APPLIED 2024-02-21T17:17:47.169616Z | NAME RECON STEP 4.1: KNOWN HUMAN APPLIED 2024-02-21T17:18:05.010217Z | NAME RECON STEP 4.2: KNOWN HUMAN APPLIED 2024-02-21T17:18:17.390152Z | NAME RECON STEP 6: START ORG RECON 2024-02-21T18:25:48.763129Z | NAME RECON STEP 7: KNOWN ORG APPLIED 2024-02-21T18:27:17.397942Z | NAME RECON STEP 9: FINALIZED 2024-02-21T18:27:32.890698Z","Strouse, Norman H",former owner,,,Norman H. Strouse,human,Q56000538,,,
35,"NAME RECON STEP 2: ROWS INDEXED, WORKFLOW STARTED 2024-02-21T17:16:57.649805Z | NAME RECON STEP 3: START HUMAN RECON 2024-02-21T17:17:15.524334Z | NAME RECON STEP 4.0: KNOWN HUMAN APPLIED 2024-02-21T17:17:47.169620Z | NAME RECON STEP 4.1: KNOWN HUMAN APPLIED 2024-02-21T17:18:05.010223Z | NAME RECON STEP 4.2: KNOWN HUMAN APPLIED 2024-02-21T17:18:17.390158Z | NAME RECON STEP 6: START ORG RECON 2024-02-21T18:25:48.763140Z | NAME RECON STEP 7: KNOWN ORG APPLIED 2024-02-21T18:27:17.397950Z | NAME RECON STEP 9: FINALIZED 2024-02-21T18:27:32.890701Z","Thomas, Marie",former owner,,,Marie Thomas,human,Q124629907,,,
36,"NAME RECON STEP 2: ROWS INDEXED, WORKFLOW STARTED 2024-02-21T17:16:57.649809Z | NAME RECON STEP 3: START HUMAN RECON 2024-02-21T17:17:15.524343Z | NAME RECON STEP 4.0: KNOWN HUMAN APPLIED 2024-02-21T17:17:47.169631Z | NAME RECON STEP 4.1: KNOWN HUMAN APPLIED 2024-02-21T17:18:05.010232Z | NAME RECON STEP 4.2: KNOWN HUMAN APPLIED 2024-02-21T17:18:17.390166Z | NAME RECON STEP 6: START ORG RECON 2024-02-21T18:25:48.763144Z | NAME RECON STEP 7: KNOWN ORG APPLIED 2024-02-21T18:27:17.397956Z | NAME RECON STEP 9: FINALIZED 2024-02-21T18:27:32.890708Z","Thomas, Sewell",former owner,,,Sewell Thomas,human,Q124629908,,,
37,"NAME RECON STEP 2: ROWS INDEXED, WORKFLOW STARTED 2024-02-21T17:16:57.649816Z | NAME RECON STEP 3: START HUMAN RECON 2024-02-21T17:17:15.524347Z | NAME RECON STEP 4.0: KNOWN HUMAN APPLIED 2024-02-21T17:17:47.169634Z | NAME RECON STEP 4.1: KNOWN HUMAN APPLIED 2024-02-21T17:18:05.010234Z | NAME RECON STEP 4.2: KNOWN HUMAN APPLIED 2024-02-21T17:18:17.390175Z | NAME RECON STEP 6: START ORG RECON 2024-02-21T18:25:48.763147Z | NAME RECON STEP 7: KNOWN ORG APPLIED 2024-02-21T18:27:17.397964Z | NAME RECON STEP 9: FINALIZED 2024-02-21T18:27:32.890711Z","Vernon, George John Warren, 1803-1866",former owner,,,"George Venables-Vernon, 5th Baron Vernon",human,Q5545476,,,
