subject_as_recorded,vocab,subfield_codes,source_authority_uri,authorized_label_add,structured_value_add,ds_qid_add,authorized_label,structured_value,ds_qid
"Ibn Bābawayh al-Qummī, Muḥammad ibn ʻAlī, 918 or 19-991 or 2. Man lā yaḥḍuruhu al-faqīh",0,a;d;t,,,,,,,
"Mufīd, Muḥammad ibn Muḥammad, -1022. Muqniʻah",0,a;d;t,http://id.loc.gov/authorities/names/n84077365,"Muqniʻah (Mufīd, Muḥammad ibn Muḥammad)",http://id.worldcat.org/fast/1365554,Q64104,,,
"Muḥammad, Prophet, -632--Biography--Early works to 1800",0,a;c;d--v--v,,,,,"Muḥammad, Prophet, -632;Biographies;Early works",http://id.worldcat.org/fast/1836298;http://id.worldcat.org/fast/1919896;http://id.worldcat.org/fast/1411636,Q3639;Q3051;Q300
"Tirmidhī, Muḥammad ibn ʻĪsá, -892. Shamāʼil",0,a;d;t,http://id.loc.gov/authorities/names/n93110494,,,,"Shamāʼil (Tirmidhī, Muḥammad ibn ʻĪsá)",http://id.worldcat.org/fast/1376072,Q11221
"Tirmidhī, Muḥammad ibn ʻĪsá, -892. Shamāʼil",0,a;d;t,,,,,"Shamāʼil (Tirmidhī, Muḥammad ibn ʻĪsá)",http://id.worldcat.org/fast/1376072,Q11221
"Suyūṭī, 1445-1505--Early works to 1800",0,a;d--v,,"Suyūṭī, 1445-1505;Early works",http://id.worldcat.org/fast/56917;http://id.worldcat.org/fast/1411636,Q11499;Q300,,,
"Ibn Ḥanbal, Aḥmad ibn Muḥammad, 780-855. Musnad",0,a;d;t,http://id.loc.gov/authorities/names/n88159331,"Musnad (Ibn Ḥanbal, Aḥmad ibn Muḥammad)",http://id.worldcat.org/fast/1367137,Q64105,,,
"Armayūnī, Yūsuf ibn ʻAbd Allāh, -1551",0,a;d,http://id.loc.gov/authorities/names/no99011960,"Armayūnī, Yūsuf ibn ʻAbd Allāh, -1551",http://id.worldcat.org/fast/1805287,Q64106,,,
Jāmiʻ al-Azhar--History--16th century--Sources,0,a--x--y--v,,Jāmiʻ al-Azhar;History;Sixteenth century;Sources,http://id.worldcat.org/fast/560467;http://id.worldcat.org/fast/958235;http://id.worldcat.org/fast/1119851;http://id.worldcat.org/fast/1423900,Q64093;Q6879;Q335;Q2769,,,
"Shāmil, Imām, 1798?-1871--Library",0,a;c;d--x,,"Shāmil, Imām, 1798?-1871;Libraries",http://id.worldcat.org/fast/148768;http://id.worldcat.org/fast/997341,Q48696;Q26811,,,
"Abū Ḥanīfah, -767 or 768. Fiqh al-akbar",0,a;d;t,http://id.loc.gov/authorities/names/no2002018560,,,,Fiqh al-akbar (Abū Ḥanīfah),http://id.worldcat.org/fast/1374867,Q11177
"ʻAlī ibn Abī Ṭālib, Caliph, approximately 600-661--Hadith",0,a;c;d--x,,,,,"ʻAlī ibn Abī Ṭālib, Caliph, approximately 600-661;Hadith",http://id.worldcat.org/fast/1804105;http://id.worldcat.org/fast/950112,Q11345;Q3581
"ʻAlī ibn Abī Ṭālib, Caliph, approximately 600-661",fast,a;c;d,,,,,"ʻAlī ibn Abī Ṭālib, Caliph, approximately 600-661",http://id.worldcat.org/fast/1804105,Q11345
"Sharīf al-Raḍī, Muḥammad ibn al-Ḥusayn, 969 or 970-1016. Nahj al-balāghah",0,a;d;t,http://id.loc.gov/authorities/names/n2016026693,"Nahj al-balāghah (Sharīf al-Raḍī, Muḥammad ibn al-Ḥusayn)",http://id.worldcat.org/fast/1368261,Q48931,,,
"ʻUlūm al-ḥadīth (Ibn al-Ṣalāḥ al-Shahrazūrī, ʻUthmān ibn ʻAbd al-Raḥmān)",fast,a,,"ʻUlūm al-ḥadīth (Ibn al-Ṣalāḥ al-Shahrazūrī, ʻUthmān ibn ʻAbd al-Raḥmān)",http://id.worldcat.org/fast/1381942,Q64107,,,
"Ibn al-Ṣalāḥ al-Shahrazūrī, ʻUthmān ibn ʻAbd al-Raḥmān, 1181 or 1182-1245. ʻUlūm al-ḥadīth",0,a;d;t,,"ʻUlūm al-ḥadīth (Ibn al-Ṣalāḥ al-Shahrazūrī, ʻUthmān ibn ʻAbd al-Raḥmān)",http://id.worldcat.org/fast/1381942,Q64107,,,
Masjid al-Aqṣá (Jerusalem)--14th century,0,a--y,,Masjid al-Aqṣá (Jerusalem);Fourteenth century,http://id.worldcat.org/fast/578676;http://id.worldcat.org/fast/933420,Q11142;Q295,,,
"ʻIrāqī, ʻAbd al-Raḥīm ibn al-Ḥusayn, 1325-1404. Alfīyat al-ʻIrāqī",0,a;d;t,http://id.loc.gov/authorities/names/no2002008752,,,,"Alfīyat al-ʻIrāqī (ʻIrāqī, ʻAbd al-Raḥīm ibn al-Ḥusayn)",http://id.worldcat.org/fast/1398866,Q11278
"Ibn Ḥajar al-ʻAsqalānī, Aḥmad ibn ʻAlī, 1372-1449. Nukhbat al-fikar fī muṣṭalaḥ ahl al-athar",0,a;d;t,http://id.loc.gov/authorities/names/n85155877,,,,"Nukhbat al-fikar fī muṣṭalaḥ ahl al-athar (Ibn Ḥajar al-ʻAsqalānī, Aḥmad ibn ʻAlī)",http://id.worldcat.org/fast/1372699,Q11422
"Jāmiʻ al-Muẓaffarī (Damascus, Syria)--Intellectual life",0,a--x,,"Jāmiʻ al-Muẓaffarī (Damascus, Syria);Intellectual life",http://id.worldcat.org/fast/1602518;http://id.worldcat.org/fast/975769,Q64108;Q7727,,,
"Jāmiʻ al-Muẓaffarī (Damascus, Syria)",fast,a,,"Jāmiʻ al-Muẓaffarī (Damascus, Syria)",http://id.worldcat.org/fast/1602518,Q64108,,,
"Tanqīḥ al-uṣūl (Maḥbūbī, ʻUbayd Allāh ibn Masʻūd)",fast,a,,,,,"Tanqīḥ al-uṣūl (Maḥbūbī, ʻUbayd Allāh ibn Masʻūd)",http://id.worldcat.org/fast/1381675,Q11426
"Maḥbūbī, ʻUbayd Allāh ibn Masʻūd, -1346 or 1347. Tanqīḥ al-uṣūl",0,a;d;t,,,,,"Tanqīḥ al-uṣūl (Maḥbūbī, ʻUbayd Allāh ibn Masʻūd)",http://id.worldcat.org/fast/1381675,Q11426
"Jāmiʻ al-ṣaḥīḥ (Bukhārī, Muḥammad ibn Ismāʻīl)",fast,a,,,,,"Jāmiʻ al-ṣaḥīḥ (Bukhārī, Muḥammad ibn Ismāʻīl)",http://id.worldcat.org/fast/1362378,Q11338
"Bukhārī, Muḥammad ibn Ismāʿīl, 810-870. Jāmiʿ al-ṣaḥīḥ--Commentaries--14th century",0,a;d;t--v--y,,"Jāmiʻ al-ṣaḥīḥ (Bukhārī, Muḥammad ibn Ismāʻīl);Commentaries;Fourteenth century",http://id.worldcat.org/fast/1362378;http://id.worldcat.org/fast/1423723;http://id.worldcat.org/fast/933420,Q11338;Q2812;Q295,,,
"Bukhārī, Muḥammad ibn Ismāʻīl, 810-870. Jāmiʻ al-ṣaḥīḥ",0,a;d;t,http://id.loc.gov/authorities/names/n83056202,,,,"Jāmiʻ al-ṣaḥīḥ (Bukhārī, Muḥammad ibn Ismāʻīl)",http://id.worldcat.org/fast/1362378,Q11338
"Muslim ibn al-Ḥajjāj al-Qushayrī, approximately 821-875. Jāmiʻ al-ṣaḥīḥ",0,a;d;t,http://id.loc.gov/authorities/names/n84009737,,,,Jāmiʻ al-ṣaḥīḥ (Muslim ibn al-Ḥajjāj al-Qushayrī),http://id.worldcat.org/fast/1367524,Q11198
"Jāmiʻ al-ṣaḥīḥ (Bukhārī, Muḥammad ibn Ismāʻīl)",fast,a,(OCoLC)fst01362378,,,,"Jāmiʻ al-ṣaḥīḥ (Bukhārī, Muḥammad ibn Ismāʻīl)",http://id.worldcat.org/fast/1362378,Q11338
Jāmiʻ al-ṣaḥīḥ (Muslim ibn al-Ḥajjāj al-Qushayrī),fast,a,(OCoLC)fst01367524,,,,Jāmiʻ al-ṣaḥīḥ (Muslim ibn al-Ḥajjāj al-Qushayrī),http://id.worldcat.org/fast/1367524,Q11198
"Tahdhīb al-Kamāl fī asmāʼ al-rijāl (Mizzī, Yūsuf ibn al-Zakī ʻAbd al-Raḥmān)",fast,a,,,,,"Tahdhīb al-Kamāl fī asmāʼ al-rijāl (Mizzī, Yūsuf ibn al-Zakī ʻAbd al-Raḥmān)",http://id.worldcat.org/fast/1380469,Q11557
"Mizzī, Yūsuf ibn al-Zakī ʿAbd al-Raḥmān, 1256-1341. Tahdhīb al-Kamāl fī asmāʼ al-rijāl.--Abridgment",0,a;d;t--k,,,,,"Tahdhīb al-Kamāl fī asmāʼ al-rijāl (Mizzī, Yūsuf ibn al-Zakī ʻAbd al-Raḥmān);Abridgments",http://id.worldcat.org/fast/1380469;http://id.worldcat.org/fast/1726571,Q11557;Q3638
"Quhustānī, Muḥammad, -approximately 1546. Jāmiʻ al-rumūz",0,a;d;t,,,,,,,
"Maḥbūbī, ʻUbayd Allāh ibn Masʻūd, -1346 or 1347. Nuqāyah mukhtaṣar al-Wiqāyah fī masāʼil al-Hidāyah",0,a;d;t,,,,,"Nuqāyah mukhtaṣar al-Wiqāyah fī masāʼil al-Hidāyah (Maḥbūbī, ʻUbayd Allāh ibn Masʻūd)",http://id.worldcat.org/fast/2057896,Q11299
"Muḥammad, Prophet, -632--Poetry--Early works to 1800",0,a;c;d--v--v,,,,,"Muḥammad, Prophet, -632;Poetry;Early works",http://id.worldcat.org/fast/1836298;http://id.worldcat.org/fast/1423828;http://id.worldcat.org/fast/1411636,Q3639;Q247;Q300
"Qārī al-Harawī, ʻAlī ibn Sulṭān Muḥammad, -1605 or 1606. Arbaʻūn ḥadīth",0,a;d;t,,,,,,,
"Muḥammad, Prophet, -632--Family",0,a;c;d--x,,,,,"Muḥammad, Prophet, -632;Families",http://id.worldcat.org/fast/1836298;http://id.worldcat.org/fast/1728849,Q3639;Q5939
"Ibn Qaḍīb al-Bān, ʻAbd Allāh ibn Muḥammad, -1684 or 1685. Dālīyah",0,a;d;t,,,,,,,
"Ṭāʼifī, Ḥusayn ibn ʻAlī, -1791. Hadīyah al-sanīyah fī al-ṣalāh al-sunnīyah",0,a;d;t,,,,,,,
"Avicenna, 980-1037. Qaṣīdah al-ʻaynīyah",0,a;d;t,,,,,Qaṣīdah al-ʻaynīyah (Avicenna),http://id.worldcat.org/fast/2058234,Q26973
"Muḥammad, Prophet, -632",fast,a;c;d,,,,,"Muḥammad, Prophet, -632",http://id.worldcat.org/fast/1836298,Q3639
"Muḥammad, Prophet, -632--Family--Early works to 1800",0,a;c;d--x--v,,,,,"Muḥammad, Prophet, -632;Families;Early works",http://id.worldcat.org/fast/1836298;http://id.worldcat.org/fast/1728849;http://id.worldcat.org/fast/1411636,Q3639;Q5939;Q300
"Ibn Ḥajar al-ʻAsqalānī, Aḥmad ibn ʻAlī, 1372-1449. Nukhbat al-fikar fī muṣṭalaḥ ahl al-athar",0,a;d;t,,,,,"Nukhbat al-fikar fī muṣṭalaḥ ahl al-athar (Ibn Ḥajar al-ʻAsqalānī, Aḥmad ibn ʻAlī)",http://id.worldcat.org/fast/1372699,Q11422
"Fanārī, Muḥammad ibn Ḥamzah, 1350 or 1351-1430 or 1431. Fawāʼid al-Fanārīyah",0,a;d;t,,,,,"Fawāʼid al-Fanārīyah (Fanārī, Muḥammad ibn Ḥamzah)",http://id.worldcat.org/fast/2058009,Q11521
"Athīr al-Dīn al-Abharī, al-Mufaḍḍal ibn ʻUmar, -1265. Īsāghūjī",0,a;d;t,,,,,"Īsāghūjī (Athīr al-Dīn al-Abharī, al-Mufaḍḍal ibn ʻUmar)",http://id.worldcat.org/fast/1918514,Q11372
"Ibn Sharaf Shāh, Ḥasan ibn Muḥammad, 1247 or 1248-1315 or 1316. Wāfiyah fī sharḥ al-Kāfiyah",0,a;d;t,,,,,,,
"Ibn al-Ḥājib, ʻUthmān ibn ʻUmar, 1175-1249. Kāfiyah",0,a;d;t,,,,,"Kāfiyah (Ibn al-Ḥājib, ʻUthmān ibn ʻUmar)",http://id.worldcat.org/fast/1366739,Q11200
"Avicenna, 980-1037. Ishārāt wa-al-tanbīhāt",0,a;d;t,,,,,Ishārāt wa-al-tanbīhāt (Avicenna),http://id.worldcat.org/fast/1365545,Q11546
"Jurjānī, ʻAlī ibn Muḥammad, al-Sayyid al-Sharīf, 1340-1413. Sharḥ al-Mawāqif",0,a;c;d;t,,"Sharḥ al-Mawāqif (Jurjānī, ʻAlī ibn Muḥammad, al-Sayyid al-Sharīf)",http://id.worldcat.org/fast/2057893,Q64109,,,
"Ījī, ʻAḍud al-Dīn ʻAbd al-Raḥmān ibn Aḥmad, -1355? Mawāqif fī ʻilm al-kalām",0,a;d;t,,,,,"Mawāqif fī ʻilm al-kalām (Ījī, ʻAḍud al-Dīn ʻAbd al-Raḥmān ibn Aḥmad)",http://id.worldcat.org/fast/1372616,Q38685
"Jurjānī, ʻAlī ibn Muḥammad, al-Sayyid al-Sharīf, 1340-1413. Ḥāshiyah ʻalá Sharḥ Shamsīyah",0,a;c;d;t,,,,,,,
"Quṭb al-Taḥtānī, Muḥammad ibn Muḥammad, 1294 or 1295-1364 or 1365. Sharḥ Shamsīyah",0,a;d;t,,,,,"Sharḥ Shamsīyah (Quṭb al-Taḥtānī, Muḥammad ibn Muḥammad)",http://id.worldcat.org/fast/1916876,Q11307
"Dawwānī, Muḥammad ibn Asʻad, 1426 or 1427-1512 or 1513. Zawrāʼ",0,a;d;t,,,,,,,
"Taftāzānī, Masʻūd ibn ʻUmar, 1322-1389",0,a;d,,,,,"Taftāzānī, Masʻūd ibn ʻUmar, 1322-1389?",http://id.worldcat.org/fast/42667,Q12629
"Bahlawān, Mūsá ibn ʻAbd Allāh, -1720 or 1721. Risālah al-qiyāsīyah",0,a;d;t,,,,,,,
"Birgivî Mehmet Efendi, approximately 1522-1573. Risālat al-tawḥīd",0,a;d;t,,,,,,,
"Sājaqlīzādah, Muḥammad ibn Abī Bakr, -1737. Tartīb al-ʻulūm",0,a;d;t,,,,,,,
"ʻAlamī, Ahmad, active 17th century-18th century. lfhām fī al-ilhām",0,a;d;t,,,,,,,
"Muḥammad, Prophet, -632--Devotional literature--Early works to 1800",0,a;c;d--x--v,,"Muḥammad, Prophet, -632;Devotional literature;Early works",http://id.worldcat.org/fast/1836298;http://id.worldcat.org/fast/892015;http://id.worldcat.org/fast/1411636,Q3639;Q2950;Q300,,,
"Ibn ʻAbd al-Barr, Yūsuf ibn ʻAbd Allāh, 978 or 979-1071. Jāmiʻ bayān al-ʻilm wa-faḍlih",0,a;d;t,,,,,,,
"Zamakhsharī, Maḥmūd ibn ʻUmar, 1075-1144. Rabīʻ al-abrār",0,a;d;t,,,,,"Rabīʻ al-abrār (Zamakhsharī, Maḥmūd ibn ʻUmar)",http://id.worldcat.org/fast/1383526,Q38796
"Abū Shujāʻ al-Iṣfahānī, Aḥmad ibn al-Ḥusayn, approximately 1042- Mukhtaṣar fī al-fiqh ʻalá madhhab al-Shāfiʻī",0,a;d;t,,,,,"Mukhtaṣar fī al-fiqh ʻalá madhhab al-Shāfiʻī (Abū Shujāʻ al-Iṣfahānī, Aḥmad ibn al-Ḥusayn)",http://id.worldcat.org/fast/1403587,Q11280
"Quṭrub, Muḥammad ibn al-Mustanīr, -821 or 822. Muthallath",0,a;d;t,,,,,,,
"Ṣadr al-Bakrī, al-Ḥasan ibn Muḥammad, 1178 or 1179-1258 or 1259",0,a;d,http://id.loc.gov/authorities/names/nr93018872,"Ṣadr al-Bakrī, al-Ḥasan ibn Muḥammad, 1178 or 1179-1258 or 1259",http://id.worldcat.org/fast/1845302,Q64110,,,
"Muḥammad, Prophet, -632--Biography",0,a;c;d--v,http://id.loc.gov/authorities/subjects/sh91004954,,,,"Muḥammad, Prophet, -632;Biographies",http://id.worldcat.org/fast/1836298;http://id.worldcat.org/fast/1919896,Q3639;Q3051
"Muḥammad, Prophet, -632--Prayers and devotions",0,a;c;d--v,,"Muḥammad, Prophet, -632;Prayers and devotions",http://id.worldcat.org/fast/1836298;http://id.worldcat.org/fast/1423909,Q3639;Q3052,,,
"Muḥammad, Prophet, -632--Poetry",0,a;c;d--v,,,,,"Muḥammad, Prophet, -632;Poetry",http://id.worldcat.org/fast/1836298;http://id.worldcat.org/fast/1423828,Q3639;Q247
"Muḥammad, Prophet, -632--Devotional literature",0,a;c;d--v,,"Muḥammad, Prophet, -632;Devotional literature",http://id.worldcat.org/fast/1836298;http://id.worldcat.org/fast/1423773,Q3639;Q38696,,,
"Muḥammad, Prophet, -632",0,a;c;d,http://id.loc.gov/authorities/names/n79130881,,,,"Muḥammad, Prophet, -632",http://id.worldcat.org/fast/1836298,Q3639
"Ibn Malak, ʻAbd al-Laṭīf ibn ʻAbd al-ʻAzīz. Mabāriq al-azʹhār fī sharḥ Mashāriq al-anwār",0,a;t,,,,,,,
"Ṣaghānī, al-Ḥasan ibn Muḥammad, 1181-1252. Mashāriq al-anwār al-nabawīyah",0,a;d;t,,"Mashāriq al-anwār (Ṣaghānī, al-Ḥasan ibn Muḥammad)",http://id.worldcat.org/fast/1393374,Q11346,,,
"Muḥibb al-Dīn, Muḥammad ibn Abī Bakr, 1542 or 1543-1607 or 1608",0,a;d,,,,,,,
"Ibn Ṭūlūn, Shams al-Dīn Muḥammad ibn ʻAlī, 1475-1546",0,a;d,,"Ibn Ṭūlūn, Shams al-Dīn Muḥammad ibn ʻAlī, 1475-1546",http://id.worldcat.org/fast/150015,Q64111,,,
"Nawawī, 1233-1277. Arbaʻūn Nawawīyah",0,a;d;t,,Arbaʻūn al-Nawawīyah (Nawawī),http://id.worldcat.org/fast/1366772,Q11199,,,
"Jīlī, ʻAbd al-Karīm ibn Ibrāhīm, 1365 or 1366- Nawādir al-ʻaynīyah fī al-bawādir al-ghaybīyah",0,a;d;t,,"Nawādir al-ʻaynīyah fī al-bawādir al-ghaybīyah (Jīlī, ʻAbd al-Karīm ibn Ibrāhīm)",http://id.worldcat.org/fast/1402798,Q64112,,,
"Ibn al-Fāriḍ, ʻUmar ibn ʻAlī, 1181 or 1182-1235. Khamrīyah",0,a;d;t,,,,,"Khamrīyah (Ibn al-Fāriḍ, ʻUmar ibn ʻAlī)",http://id.worldcat.org/fast/1370934,Q11450
"Ibn al-Fāriḍ, ʻUmar ibn ʻAlī, 1181 or 1182-1235. Dīwān",0,a;d;t,,"Dīwān (Ibn al-Fāriḍ, ʻUmar ibn ʻAlī)",http://id.worldcat.org/fast/1380574,Q64113,,,
"Shushtarī, ʻAlī ibn ʻAbd Allāh, 1213 or 1214-1269. Qaṣīdah",0,a;d;t,,,,,,,
"Bakrī al-Ṣiddīqī, Muḥammad ibn Abī al-Afrāḥ, -1676. Qaṣīdah",0,a;d;t,,,,,,,
"Ghazzālī, 1058-1111. Munfarijah",0,a;d;t,,,,,,,
"Kemalpaşazade, 1468 or 1469-1534. Risālah fī al-haykal al-insānī",0,a;d;t,,,,,,,
"Jalāl al-Dīn Rūmī, Maulana, 1207-1273. Mas̲navī",0,a;c;d;t,,,,,"Mas̲navī (Jalāl al-Dīn Rūmī, Maulana)",http://id.worldcat.org/fast/1362351,Q48910
"Ibn al-ʻArabī, 1165-1240. Works.--Selections",0,a;d;t--k,,,,,,,
"Ibn al-ʻArabī, 1165-1240. Futūḥāt al-Makkīyah",0,a;d;t,,Futūḥāt al-Makkīyah (Ibn al-ʻArabī),http://id.worldcat.org/fast/1368450,Q64114,,,
"Ibn al-ʻArabī, 1165-1240. Janāḥ al-ṭāʼir",0,a;d;t,,,,,,,
"Jīlī, ʻAbd al-Karīm ibn Ibrāhīm, 1365 or 1366- Insān al-kāmil fī maʻrifat al-awākhir wa-al-awāʼil",0,a;d;t,,,,,,,
"Nābulusī, ʻAbd al-Ghanī ibn Ismāʻīl, 1641-1731. Fatḥ al-Rabbānī wa-al-fayḍ al-Raḥmānī",0,a;d;t,,,,,,,
"Biqāʻī, Ibrāhīm ibn ʻUmar, 1406 or 1407-1480. Tahdīm al-arkān",0,a;d;t,,,,,,,
"Abū Ḥanīfah, -767 or 768. Fiqh al-akbar",0,a;d;t,,,,,Fiqh al-akbar (Abū Ḥanīfah),http://id.worldcat.org/fast/1374867,Q11177
"Ibn Faraḥ, Aḥmad ibn Muḥammad, -1300. Gharāmī ṣaḥīḥ",0,a;d;t,,,,,"Gharāmī ṣaḥīḥ (Ibn Faraḥ, Aḥmad ibn Muḥammad)",http://id.worldcat.org/fast/2057256,Q11408
"Bukhārī, Muḥammad ibn Ismāʻīl, 810-870",0,a;d,,"Bukhārī, Muḥammad ibn Ismāʻīl, 810-870",http://id.worldcat.org/fast/72911,Q64115,,,
"Bukhārī, Muḥammad ibn Ismāʻīl, 810-870",fast,a;d,(OCoLC)fst00072911,"Bukhārī, Muḥammad ibn Ismāʻīl, 810-870",http://id.worldcat.org/fast/72911,Q64115,,,
Masjid al-Ḥarām--Intellectual life--16th century,0,a--x--y,,Masjid al-Ḥarām;Intellectual life;Sixteenth century,http://id.worldcat.org/fast/560924;http://id.worldcat.org/fast/975769;http://id.worldcat.org/fast/1119851,Q26868;Q7727;Q335,,,
"Ibn al-Jawzī, Abū al-Faraj ʻAbd al-Raḥmān ibn ʻAlī, approximately 1116-1201. Mawḍūʻāt.--Abridgment",0,a;d;t--k,,"Mawḍūʻāt (Ibn al-Jawzī, Abū al-Faraj ʻAbd al-Raḥmān ibn ʻAlī);Abridgments",http://id.worldcat.org/fast/1376076;http://id.worldcat.org/fast/1726571,Q64116;Q3638,,,
"Marghīnānī, Maḥmūd ibn Aḥmad, 1156 or 1157-1219 or 1220. Muḥīṭ al-Burhānī fī al-fiqh al-Nuʻmānī.--Abridgment",0,a;d;t--k,,,,,,,
"Marghīnānī, Maḥmūd ibn Aḥmad, 1156 or 1157-1219 or 1220. Muḥīṭ al-burhānī fī al-fiqh al-Nuʻmānī.--Abridgment",0,a;d;t--k,,,,,,,
"Mizzī, Yūsuf ibn al-Zakī ʻAbd al-Raḥmān, 1256-1341. Tahdhīb al-Kamāl fī asmāʾ al-rijāl",0,a;d;t,,"Tahdhīb al-Kamāl fī asmāʼ al-rijāl (Mizzī, Yūsuf ibn al-Zakī ʻAbd al-Raḥmān)",http://id.worldcat.org/fast/1380469,Q11557,,,
"Ibn Ḥajar al-ʻAsqalānī, Aḥmad ibn ʻAlī, 1372-1449. Tahdhīb al-Tahdhīb.--Abridgment",0,a;d;t--k,,,,,,,
"Muḥammad, Prophet, -632--Appreciation--Early works to 1800",0,a;c;d--x--v,,"Muḥammad, Prophet, -632;Early works",http://id.worldcat.org/fast/1836298;http://id.worldcat.org/fast/1411636,Q3639;Q300,,,
"Muḥammad, Prophet, -632--Devotional literature--15th century",0,a;c;d--x--y,,"Muḥammad, Prophet, -632;Devotional literature;Fifteenth century",http://id.worldcat.org/fast/1836298;http://id.worldcat.org/fast/892015;http://id.worldcat.org/fast/923962,Q3639;Q2950;Q154,,,
"Muslim ibn al-Ḥajjāj al-Qushayrī, approximately 821-875",0,a;d,,"Muslim ibn al-Ḥajjāj al-Qushayrī, approximately 821-875",http://id.worldcat.org/fast/1836582,Q64117,,,
"Muḥammad, Prophet, -632--Early works to 1800",0,a;c;d--v,,,,,"Muḥammad, Prophet, -632;Early works",http://id.worldcat.org/fast/1836298;http://id.worldcat.org/fast/1411636,Q3639;Q300
"ʻAlī ibn Abī Ṭālib, Caliph, approximately 600-661. Jaljalūtīyah",0,a;c;d;t,,,,,,,
"Nawawī, 1233-1277. Ḥizb",0,a;d;t,,,,,,,
"Nawawī, 1233-1277. Riyāḍ al-ṣāliḥīn",0,a;d;t,http://id.loc.gov/authorities/names/n85235146,Riyāḍ al-ṣāliḥīn (Nawawī),http://id.worldcat.org/fast/1367593,Q64118,,,
"Ibn al-Mibrad, Yūsuf ibn Ḥasan, 1436 or 1437-1503--Bibliography--Early",0,a;d--v--v,,"Ibn al-Mibrad, Yūsuf ibn Ḥasan, 1436 or 1437-1503;Bibliographies;Early works",http://id.worldcat.org/fast/1825371;http://id.worldcat.org/fast/1919895;http://id.worldcat.org/fast/1411636,Q64119;Q11383;Q300,,,
"Manẓūmah al-Bayqūnīyah (Bayqūnī, Ṭāhā ibn Muḥammad)",fast,a,,"Manẓūmah al-Bayqūnīyah (Bayqūnī, Ṭāhā ibn Muḥammad)",http://id.worldcat.org/fast/2057853,Q64120,,,
"Bayqūnī, Ṭāhā ibn Muḥammad, 17th cent. Manẓūmah al-Bayqūnīyah",0,a;d;t,,"Manẓūmah al-Bayqūnīyah (Bayqūnī, Ṭāhā ibn Muḥammad)",http://id.worldcat.org/fast/2057853,Q64120,,,
"Bukhārī, Muḥammad ibn Ismāʿīl, 810-870. Jāmiʿ al-ṣaḥīḥ",0,a;d;t,,"Jāmiʻ al-ṣaḥīḥ (Bukhārī, Muḥammad ibn Ismāʻīl)",http://id.worldcat.org/fast/1362378,Q11338,,,
"Ibn Ḥajar al-ʻAsqalānī, Aḥmad ibn ʻAlī, 1372-1449. Fatḥ al-bārī bi-sharḥ al-Bukhārī",0,a;d;t,,"Fatḥ al-bārī bi-sharḥ Ṣaḥīḥ al-Bukhārī (Ibn Ḥajar al-ʻAsqalānī, Aḥmad ibn ʻAlī)",http://id.worldcat.org/fast/1382345,Q64121,,,
"ʻAbd Allāh ibn Abī Jamrah, -1300. Jamʻ al-nihāyah fī badʼ al-khayr wa-al-ghāyah",0,a;d;t,,,,,,,
Jāmiʻ al-ṣaḥīḥ (Muslim ibn al-Ḥajjāj al-Qushayrī),fast,a,,,,,Jāmiʻ al-ṣaḥīḥ (Muslim ibn al-Ḥajjāj al-Qushayrī),http://id.worldcat.org/fast/1367524,Q11198
"Muslim ibn al-Ḥajjāj al-Qushayrī, approximately 821-875. Jāmiʻ al-ṣaḥīḥ",0,a;d;t,,,,,Jāmiʻ al-ṣaḥīḥ (Muslim ibn al-Ḥajjāj al-Qushayrī),http://id.worldcat.org/fast/1367524,Q11198
"Nawawī, 1233-1277. Minhāj al-muḥaddithīn",0,a;d;t,,,,,,,
"Tirmidhī, Muḥammad ibn ʻĪsá, -892. Jāmiʻ al-kabīr",0,a;d;t,,,,,,,
"Ibn Mājah, Muḥammad ibn Yazīd, -887. Sunan",0,a;d;t,http://id.loc.gov/authorities/names/n83056163,"Sunan (Ibn Mājah, Muḥammad ibn Yazīd)",http://id.worldcat.org/fast/1376051,Q64122,,,
Muwaṭṭaʼ (Mālik ibn Anas),fast,a,,Muwaṭṭaʼ (Mālik ibn Anas),http://id.worldcat.org/fast/1359323,Q64123,,,
"Mālik ibn Anas, -795. Muwaṭṭaʼ",0,a;d;t,,Muwaṭṭaʼ (Mālik ibn Anas),http://id.worldcat.org/fast/1359323,Q64123,,,
"Sunan al-kubrá (Bayhaqī, Aḥmad ibn al-Ḥusayn)",fast,a,,"Sunan al-kubrá (Bayhaqī, Aḥmad ibn al-Ḥusayn)",http://id.worldcat.org/fast/1375310,Q64124,,,
"Bayhaqī, Aḥmad ibn al-Ḥusayn, 994-1066. Sunan al-kubrá",0,a;d;t,,"Sunan al-kubrá (Bayhaqī, Aḥmad ibn al-Ḥusayn)",http://id.worldcat.org/fast/1375310,Q64124,,,
"Maṣābīḥ al-sunnah (Baghawī, al-Ḥusayn ibn Masʻūd)",fast,a,,,,,"Maṣābīḥ al-sunnah (Baghawī, al-Ḥusayn ibn Masʻūd)",http://id.worldcat.org/fast/1360739,Q11207
"Baghawī, al-Ḥusayn ibn Masʻūd, -1117? Maṣābīḥ al-sunnah",0,a;d;t,,,,,"Maṣābīḥ al-sunnah (Baghawī, al-Ḥusayn ibn Masʻūd)",http://id.worldcat.org/fast/1360739,Q11207
"Baghawī, al-Ḥusayn ibn Masʻūd, -1117? Maṣābīḥ al-sunnah",0,a;d;t,http://id.loc.gov/authorities/names/no2004061221,,,,"Maṣābīḥ al-sunnah (Baghawī, al-Ḥusayn ibn Masʻūd)",http://id.worldcat.org/fast/1360739,Q11207
"ʻUmdat al-aḥkām (Jammāʻīlī, ʻAbd al-Ghanī ibn ʻAbd al-Wāḥid)",fast,a,,"ʻUmdat al-aḥkām (Jammāʻīlī, ʻAbd al-Ghanī ibn ʻAbd al-Wāḥid)",http://id.worldcat.org/fast/1369686,Q64125,,,
"Jammāʿīlī, ʿAbd al-Ghanī ibn ʿAbd al-Wāḥid, 1146-1203. ʿUmdat al-aḥkām",0,a;d;t,,"ʻUmdat al-aḥkām (Jammāʻīlī, ʻAbd al-Ghanī ibn ʻAbd al-Wāḥid)",http://id.worldcat.org/fast/1369686,Q64125,,,
"Ṣaghānī, al-ḥasan ibn Muḥammad, 1181-1252. Mashāriq al-anwār al-nabawīyah",0,a;d;t,,"Mashāriq al-anwār (Ṣaghānī, al-Ḥasan ibn Muḥammad)",http://id.worldcat.org/fast/1393374,Q11346,,,
Riyāḍ al-ṣāliḥīn (Nawawī),fast,a,,Riyāḍ al-ṣāliḥīn (Nawawī),http://id.worldcat.org/fast/1367593,Q64118,,,
"Nawawī, 1233-1277. Riyāḍ al-ṣāliḥīn",0,a;d;t,,Riyāḍ al-ṣāliḥīn (Nawawī),http://id.worldcat.org/fast/1367593,Q64118,,,
"Ibn Taymīyah, Aḥmad ibn ʻAbd al-Ḥalīm, 1263-1328. Jawāmiʻ al-kalim",0,a;d;t,,,,,,,
"Muslim ibn al-Ḥajjāj al-Qushayrī, approximately 821-875. Jāmiʻ al-ṣaḥīḥ--Commentaries--13th century",0,a;d;t--x--y,,Jāmiʻ al-ṣaḥīḥ (Muslim ibn al-Ḥajjāj al-Qushayrī);Commentaries;Thirteenth century,http://id.worldcat.org/fast/1367524;http://id.worldcat.org/fast/1423723;http://id.worldcat.org/fast/1150138,Q11198;Q2812;Q245,,,
"Nukhbat al-fikar fī muṣṭalaḥ ahl al-athar (Ibn Ḥajar al-ʻAsqalānī, Aḥmad ibn ʻAlī)",fast,a,,,,,"Nukhbat al-fikar fī muṣṭalaḥ ahl al-athar (Ibn Ḥajar al-ʻAsqalānī, Aḥmad ibn ʻAlī)",http://id.worldcat.org/fast/1372699,Q11422
"Ibn Ḥajar al-ʿAsqalānī, Aḥmad ibn ʿAlī, 1372-1449. Nukhbat al-fikar fī muṣṭalaḥ ahl al-athar",0,a;d;t,,"Nukhbat al-fikar fī muṣṭalaḥ ahl al-athar (Ibn Ḥajar al-ʻAsqalānī, Aḥmad ibn ʻAlī)",http://id.worldcat.org/fast/1372699,Q11422,,,
"Ibn Ḥajar al-ʻAsqalānī, Aḥmad ibn ʻAlī, 1372-1449. Nuzʹhat al-naẓar fī tawḍīḥ Nukhbat al-fikar",0,a;d;t,,,,,,,
"Quḍāʻī, Muḥammad ibn Salāmah, -1062",0,a;d,,,,,"Quḍāʻī, Muḥammad ibn Salāmah, -1062",http://id.worldcat.org/fast/1842726,Q11448
"Ibn al-Uqlīshī, Aḥmad ibn Maʻadd, -1155 or 1156",0,a;d,,,,,"Ibn al-Uqlīshī, Aḥmad ibn Maʻadd, -1155 or 1156",http://id.worldcat.org/fast/1825401,Q11153
"Ibn al-Uqlīshī, Aḥmad ibn Maʻadd, -1155 or 1156",fast,a;d,,,,,"Ibn al-Uqlīshī, Aḥmad ibn Maʻadd, -1155 or 1156",http://id.worldcat.org/fast/1825401,Q11153
"Quḍāʻī, Muḥammad ibn Salāmah, -1062",fast,a;d,,,,,"Quḍāʻī, Muḥammad ibn Salāmah, -1062",http://id.worldcat.org/fast/1842726,Q11448
"Muḥammad, Prophet, -632--Companions",0,a;c;d--x,http://id.loc.gov/authorities/subjects/sh85088280,,,,Companions of the Prophet Muhammad,http://id.worldcat.org/fast/1352525,Q11256
"Muḥammad, Prophet, -632--Companions--Early works to 1800",0,a;c;d--x--v,,,,,Companions of the Prophet Muhammad;Early works,http://id.worldcat.org/fast/1352525;http://id.worldcat.org/fast/1411636,Q11256;Q300
Kaʻb ibn Zuhayr. Qaṣīdat al-Burdah--Early works to 1800,0,a;t--v,,Qaṣīdat al-Burdah (Kaʻb ibn Zuhayr);Early works,http://id.worldcat.org/fast/1376087;http://id.worldcat.org/fast/1411636,Q11194;Q300,,,
"Muḥammad, Prophet, -632",fast,a;c;d,(OCoLC)fst01836298,,,,"Muḥammad, Prophet, -632",http://id.worldcat.org/fast/1836298,Q3639
"Ibn Bābawayh al-Qummī, Muḥammad ibn ʻAlī, 918 or 919-991 or 992. Man lā yaḥḍuruhu al-faqīh",0,a;d;t,,,,,,,
"Miqdād ibn al-Aswad, 587-655",0,a;d,http://id.loc.gov/authorities/names/n85225869,"Miqdād ibn al-Aswad, 587-655",http://id.worldcat.org/fast/165580,Q64126,,,
"ʻAlī ibn Abī Ṭālib, Caliph, approximately 600-661. Duʻāʼ al-ṣabāḥ",0,a;c;d;t,,,,,,,
"Ḥāfiẓ, active 14th century. Dīvān",0,a;d;t,(uri) http://id.loc.gov/authorities/names/n79135749--(uri) http://viaf.org/viaf/sourceID/LC%7cn79135749,,,,Dīvān (Ḥāfiẓ),http://id.worldcat.org/fast/1365498,Q48952
Dīvān (Ḥāfiẓ),fast,a,(OCoLC)fst01365498,,,,Dīvān (Ḥāfiẓ),http://id.worldcat.org/fast/1365498,Q48952
"Durrīzādah, ʻAbd Allāh ibn Muḥammad, -1828",0,a;d,,,,,,,
"Astarābādhī, Muḥammad ibn ʻAlī, -1618 or 1619. Manhaj al-maqāl fī taḥqīq aḥwāl al-rijāl",0,a;d;t,,,,,,,
"Ibn al-ʻArabī, 1165-1240. Fuṣūṣ al-ḥikam",0,a;d;t,,,,,Fuṣūṣ al-ḥikam (Ibn al-ʻArabī),http://id.worldcat.org/fast/1371634,Q11310
"Abū Dāʼūd Sulaymān ibn al-Ashʻath al-Sijistānī, 817 or 818-889. Sunan",0,a;d;t,,Sunan (Abū Dāʼūd Sulaymān ibn al-Ashʻath al-Sijistānī),http://id.worldcat.org/fast/1368673,Q64127,,,
"Ibn al-Ṣābūnī, Muḥammad ibn ʻAlī, 1207 or 1208-1281 or 1282",0,a;d,http://id.loc.gov/authorities/names/nr92033716,"Ibn al-Ṣābūnī, Muḥammad ibn ʻAlī, 1207 or 1208-1281 or 1282",http://id.worldcat.org/fast/1825392,Q64128,,,
"Urmawī, Sirāj al-Dīn Maḥmūd ibn Abī Bakr, 1198-1283",0,a;d,http://id.loc.gov/authorities/names/n88149284,"Urmawī, Sirāj al-Dīn Maḥmūd ibn Abī Bakr, 1198-1283",http://id.worldcat.org/fast/1494787,Q64129,,,
"Isnawī, ʻAbd al-Raḥīm ibn al-Ḥasan, 1305-1370",0,a;d,,"Isnawī, ʻAbd al-Raḥīm ibn al-Ḥasan, 1305-1370",http://id.worldcat.org/fast/65918,Q64130,,,
"Ibn al-Bārizī, Hibat Allāh ibn Najm al-Dīn, 1247-1338",0,a;d,,"Ibn al-Bārizī, Hibat Allāh ibn Najm al-Dīn, 1247-1338",http://id.worldcat.org/fast/1631183,Q64131,,,
"Hārūn al-Rashīd, Caliph, approximately 763-809",0,a;c;d,,"Hārūn al-Rashīd, Caliph, approximately 763-809",http://id.worldcat.org/fast/1823077,Q64132,,,
"Muḥammad, Prophet, -632--Friends and associates--Early works to 1800",0,a;c;d--x--v,,,,,"Muḥammad, Prophet, -632;Friends and associates;Early works",http://id.worldcat.org/fast/1836298;http://id.worldcat.org/fast/1353140;http://id.worldcat.org/fast/1411636,Q3639;Q11488;Q300
"Ghazzī, Najm al-Dīn Muḥammad ibn Muḥammad, 1570-1651",0,a;d,,"Ghazzī, Najm al-Dīn Muḥammad ibn Muḥammad, 1570-1651",http://id.worldcat.org/fast/1457126,Q64133,,,
"Ghazzī, Muḥammad ibn ʻAbd al-Raḥmān, 1684 or 1685-1753 or 1754",0,a;d,,"Ghazzī, Muḥammad ibn ʻAbd al-Raḥmān, 1684 or 1685-1753 or 1754",http://id.worldcat.org/fast/1820423,Q64134,,,
"Ibn Durayd, Muḥammad ibn al-Ḥasan, 837 or 838-933. Maqṣūrah",0,a;d;t,,,,,"Maqṣūrah (Ibn Durayd, Muḥammad ibn al-Ḥasan)",http://id.worldcat.org/fast/1372716,Q11511
"Ghazzī, Muḥammad ibn ʻAbd al-Raḥmān, 1684 or 1685-1753 or 1754",fast,a;d,(OCoLC)fst01820423,"Ghazzī, Muḥammad ibn ʻAbd al-Raḥmān, 1684 or 1685-1753 or 1754",http://id.worldcat.org/fast/1820423,Q64134,,,
"Ghazzī, Najm al-Dīn Muḥammad ibn Muḥammad, 1570-1651",fast,a;d,(OCoLC)fst01457126,"Ghazzī, Najm al-Dīn Muḥammad ibn Muḥammad, 1570-1651",http://id.worldcat.org/fast/1457126,Q64133,,,
"Maqṣūrah (Ibn Durayd, Muḥammad ibn al-Ḥasan)",fast,a,(OCoLC)fst01372716,,,,"Maqṣūrah (Ibn Durayd, Muḥammad ibn al-Ḥasan)",http://id.worldcat.org/fast/1372716,Q11511
"Kamāl al-Dīn Muḥammad ibn Muḥammad, d. 1418. Naẓm Nukhbat al-fikar fī muṣṭalaḥ ahl al-athar",0,a;d;t,,,,,,,
"Suyūṭī, 1445-1505. Alfīyah fī muṣṭalaḥ al-Ḥadīth",0,a;d;t,http://id.loc.gov/authorities/names/n88280260,Alfīyah fī muṣṭalaḥ al-Ḥadīth (Suyūṭī),http://id.worldcat.org/fast/1386915,Q64135,,,
"Birgivî Mehmet Efendi, approximately 1522-1573. Uṣūl al-ḥadīth",0,a;d;t,,,,,,,
"Ibn Saʻādah, Aḥmad ibn ʻAlī, active 13th century. Risālat al-ʻilm",0,a;d;t,,,,,,,
"Abū Ḥanīfah, -767 or 768",0,a;d,http://id.loc.gov/authorities/names/n82031776--(uri) http://id.loc.gov/authorities/names/n82031776--(uri) http://viaf.org/viaf/sourceID/LC%7cn82031776,,,,"Abū Ḥanīfah, -767 or 768",http://id.worldcat.org/fast/1803236,Q11595
"Shāfiʻī, Muḥammad ibn Idrīs, 767 or 768-820",0,a;d,http://id.loc.gov/authorities/names/n84220632,,,,"Shāfiʻī, Muḥammad ibn Idrīs, 767 or 768-820",http://id.worldcat.org/fast/1846928,Q26711
"Muḥammad, Prophet, -632--Poetry",0,a;c;d--v,(uri) http://id.loc.gov/authorities/names/n79130881--(uri) http://viaf.org/viaf/sourceID/LC%7cn79130881,,,,"Muḥammad, Prophet, -632;Poetry",http://id.worldcat.org/fast/1836298;http://id.worldcat.org/fast/1423828,Q3639;Q247
"Abū Ḥanīfah, -767 or 768",fast,a;d,(OCoLC)fst01803236,,,,"Abū Ḥanīfah, -767 or 768",http://id.worldcat.org/fast/1803236,Q11595
"Shāfiʻī, Muḥammad ibn Idrīs, 767 or 768-820",fast,a;d,(OCoLC)fst01846928,,,,"Shāfiʻī, Muḥammad ibn Idrīs, 767 or 768-820",http://id.worldcat.org/fast/1846928,Q26711
"Ibn al-Shahīd al-Thānī, al-Ḥasan, 1551 or 1552-1602 or 1603. Maʻālim al-dīn wa-malādhdh al-mujtahidīn",0,a;d;t,,,,,,,
"Fayḍ al-Kāshī, Muḥammad ibn Murtaḍá, 1598 or 1599-1680 or 1681. Mafātīḥ al-sharāʼiʻ",0,a;d;t,,,,,,,
"Ījī, ʻAḍud al-Dīn ʻAbd al-Raḥmān ibn Aḥmad, -1355? ʻAḍudīyah",0,a;d;t,,,,,"ʻAḍudīyah (Ījī, ʻAḍud al-Dīn ʻAbd al-Raḥmān ibn Aḥmad)",http://id.worldcat.org/fast/1392948,Q11513
Arbaʻūn al-Nawawīyah (Nawawī),fast,a,,,,,Arbaʻūn al-Nawawīyah (Nawawī),http://id.worldcat.org/fast/1366772,Q11199
"Burhānpūrī, Muḥammad ibn Faḍl Allāh, -1619 or 1620. Tuḥfah al-mursalah ilá al-Nabī",0,a;d;t,,,,,,,
"Ibn Ḥajar al-Haythamī, Aḥmad ibn Muḥammad, approximately 1503-approximately 1566. Fatḥ al-mubīn li-sharḥ al-Arbaʻīn",0,a;d;t,,,,,,,
"Nawawī, 1233-1277. Arbaʻūn al-Nawawīyah",0,a;d;t,,,,,Arbaʻūn al-Nawawīyah (Nawawī),http://id.worldcat.org/fast/1366772,Q11199
"Ṭanṭarānī, Aḥmad ibn ʻAbd al-Razzāq, active 11th century. Qaṣīdah al-Ṭanṭarānīyah",0,a;d;t,,,,,,,
"Niẓām al-Mulk, 1018-1092--Poetry--Early works to 1800",0,a;d--v--v,,,,,"Niẓām al-Mulk, 1018-1092;Poetry;Early works",http://id.worldcat.org/fast/159087;http://id.worldcat.org/fast/1423828;http://id.worldcat.org/fast/1411636,Q11420;Q247;Q300
"Ibn al-Naḥwī, Yūsuf ibn Muḥammad, approximately 1041-1119 or 1120. Munfarijah",0,a;d;t,,,,,"Munfarijah (Ibn al-Naḥwī, Yūsuf ibn Muḥammad)",http://id.worldcat.org/fast/2058137,Q11470
"Bahnasī, ʻAbd al-Wahhāb ibn al-Ḥasan, -1286 or 1287. Naẓm Muthallath Quṭrub",0,a;d;t,,,,,,,
"Ibn al-ʻArabī, 1165-1240. Works",0,a;d;t,,,,,,,
"Maḥbūbī, ʻUbayd Allāh ibn Masʻūd, -1346 or 1347. Sharḥ al-Wiqāyah",0,a;d;t,,,,,"Sharḥ al-Wiqāyah (Maḥbūbī, ʻUbayd Allāh ibn Masʻūd)",http://id.worldcat.org/fast/1371415,Q11276
"Burhān al-Sharīʻah, Maḥmūd ibn ʻUbayd Allāh, -1274 or 1275. Wiqāyat al-riwāyah",0,a;d;t,,,,,,,
"Abū Ḥanīfah, -767 or 768. Waṣīyah",0,a;d;t,,,,,Waṣīyah (Abū Ḥanīfah),http://id.worldcat.org/fast/1918178,Q63778
"Hüsrev, Molla, -1480. Durar al-ḥukkām",0,a;c;d;t,,,,,"Durar al-ḥukkām (Hüsrev, Molla)",http://id.worldcat.org/fast/1375726,Q63773
"ʻAynī, Badr al-Dīn Maḥmūd ibn Aḥmad, 1361-1451. Farāʼid al-qalāʼid",0,a;d;t,,,,,,,
Shahada--Early works to 1800,0,a--v,,,,,Profession of faith (Islam);Early works,http://id.worldcat.org/fast/1078436;http://id.worldcat.org/fast/1411636,Q48843;Q300
"Jammāʻīlī, ʻAbd al-Ghanī ibn ʻAbd al-Wāḥid, 1146-1203. ʻUmdat al-aḥkām",0,a;d;t,http://id.loc.gov/authorities/names/n97055540,"ʻUmdat al-aḥkām (Jammāʻīlī, ʻAbd al-Ghanī ibn ʻAbd al-Wāḥid)",http://id.worldcat.org/fast/1369686,Q64125,,,
"Quḍāʻī, Muḥammad ibn Salāmah, -1062",0,a;d,http://id.loc.gov/authorities/names/n88059513,,,,"Quḍāʻī, Muḥammad ibn Salāmah, -1062",http://id.worldcat.org/fast/1842726,Q11448
"Ibn al-Uqlīshī, Aḥmad ibn Maʻadd, -1155 or 1156",0,a;d,http://id.loc.gov/authorities/names/nr90009570,,,,"Ibn al-Uqlīshī, Aḥmad ibn Maʻadd, -1155 or 1156",http://id.worldcat.org/fast/1825401,Q11153
"Rāfiʻī, ʻAbd al-Karīm ibn Muḥammad, 1162-1226. ʻAzīz ʻalá al-Wajīz",0,a;d;t,,,,,,,
"Ghazzālī, 1058-1111. Wajīz fī fiqh madhhab al-Imām al-Shāfiʻī",0,a;d;t,,,,,,,
"Muslim ibn al-Ḥajjāj al-Qushayrī, approximately 821-875",0,a;d,http://id.loc.gov/authorities/names/n82164848,"Muslim ibn al-Ḥajjāj al-Qushayrī, approximately 821-875",http://id.worldcat.org/fast/1836582,Q64117,,,
"Bukhārī, Muḥammad ibn Ismāʻīl, 810-870",0,a;d,http://id.loc.gov/authorities/names/n81055666,"Bukhārī, Muḥammad ibn Ismāʻīl, 810-870",http://id.worldcat.org/fast/72911,Q64115,,,
Jāmiʻ al-Azhar--Intellectual life--History--13th century--Sources,0,a--x--x--y--v,,Jāmiʻ al-Azhar;Intellectual life;History;Thirteenth century;Sources,http://id.worldcat.org/fast/560467;http://id.worldcat.org/fast/975769;http://id.worldcat.org/fast/958235;http://id.worldcat.org/fast/1150138;http://id.worldcat.org/fast/1423900,Q64093;Q7727;Q6879;Q245;Q2769,,,
Jāmiʻ al-Azhar,fast,a,,Jāmiʻ al-Azhar,http://id.worldcat.org/fast/560467,Q64093,,,
"Muslim ibn al-Ḥajjāj al-Qushayrī, approximately 821-875. Jāmiʻ al-ṣaḥīḥ.--Abridgment",0,a;d;t--k,,Jāmiʻ al-ṣaḥīḥ (Muslim ibn al-Ḥajjāj al-Qushayrī);Abridgments,http://id.worldcat.org/fast/1367524;http://id.worldcat.org/fast/1726571,Q11198;Q3638,,,
"Muḥammad, Prophet, -632",0,a;c;d,,,,,"Muḥammad, Prophet, -632",http://id.worldcat.org/fast/1836298,Q3639
"Alfīyat al-ʻIrāqī (ʻIrāqī, ʻAbd al-Raḥīm ibn al-Ḥusayn)",fast,a,,,,,"Alfīyat al-ʻIrāqī (ʻIrāqī, ʻAbd al-Raḥīm ibn al-Ḥusayn)",http://id.worldcat.org/fast/1398866,Q11278
"ʻIrāqī, ʻAbd al-Raḥīm ibn al-Ḥusayn, 1325-1404. Alfīyat al-ʻIrāqī",0,a;d;t,,,,,"Alfīyat al-ʻIrāqī (ʻIrāqī, ʻAbd al-Raḥīm ibn al-Ḥusayn)",http://id.worldcat.org/fast/1398866,Q11278
"Ūshī, ʻAlī ibn ʻUthmān, active 12th century. Badʼ al-amālī",0,a;d;t,,,,,"Badʼ al-amālī (Ūshī, ʻAlī ibn ʻUthmān)",http://id.worldcat.org/fast/2057880,Q11575
"Shaybānī, Muḥammad ibn al-Ḥasan, approximately 750-804 or 805. ʻAqīdah",0,a;d;t,,,,,"ʻAqīdah (Shaybānī, Muḥammad ibn al-Ḥasan)",http://id.worldcat.org/fast/2058443,Q11209
"Būṣīrī, Sharaf al-Dīn Muḥammad ibn Saʻīd, 1213?-1296? Burdah",0,a;d;t,,,,,"Burdah (Būṣīrī, Sharaf al-Dīn Muḥammad ibn Saʻīd)",http://id.worldcat.org/fast/1362420,Q38619
Kaʻb ibn Zuhayr. Qaṣīdat al-Burdah,0,a;t,,,,,Qaṣīdat al-Burdah (Kaʻb ibn Zuhayr),http://id.worldcat.org/fast/1376087,Q11194
"Ṭughrāʼī, al-Ḥusayn ibn ʻAlī, 1061 or 1062-1121? Lāmīyat al-ʻAjam",0,a;d;t,,,,,,,
"Munfarijah (Ibn al-Naḥwī, Yūsuf ibn Muḥammad)",fast,a,,"Munfarijah (Ibn al-Naḥwī, Yūsuf ibn Muḥammad)",http://id.worldcat.org/fast/2058137,Q11470,,,
"Badʼ al-amālī (Ūshī, ʻAlī ibn ʻUthmān)",fast,a,,,,,"Badʼ al-amālī (Ūshī, ʻAlī ibn ʻUthmān)",http://id.worldcat.org/fast/2057880,Q11575
"ʻAqīdah (Shaybānī, Muḥammad ibn al-Ḥasan)",fast,a,,,,,"ʻAqīdah (Shaybānī, Muḥammad ibn al-Ḥasan)",http://id.worldcat.org/fast/2058443,Q11209
"Burdah (Būṣīrī, Sharaf al-Dīn Muḥammad ibn Saʻīd)",fast,a,,,,,"Burdah (Būṣīrī, Sharaf al-Dīn Muḥammad ibn Saʻīd)",http://id.worldcat.org/fast/1362420,Q38619
Qaṣīdat al-Burdah (Kaʻb ibn Zuhayr),fast,a,,,,,Qaṣīdat al-Burdah (Kaʻb ibn Zuhayr),http://id.worldcat.org/fast/1376087,Q11194
"Suyūṭī, 1445-1505--Books and reading--Bibliography",0,a;d--x--v,,,,,"Suyūṭī, 1445-1505;Books and reading;Bibliographies",http://id.worldcat.org/fast/56917;http://id.worldcat.org/fast/836454;http://id.worldcat.org/fast/1919895,Q11499;Q3059;Q11383
"Bukhārī, Muḥammad ibn Ismāʻīl, 810-870. Jāmiʻ al-ṣaḥīḥ",0,a;d;t,,,,,"Jāmiʻ al-ṣaḥīḥ (Bukhārī, Muḥammad ibn Ismāʻīl)",http://id.worldcat.org/fast/1362378,Q11338
"Suyūṭī, 1445-1505",fast,a;d,,,,,"Suyūṭī, 1445-1505",http://id.worldcat.org/fast/56917,Q11499
"Jurjānī, ʻAlī ibn Muḥammad, al-Sayyid al-Sharīf, 1340-1413. Sharḥ Farāʼiḍ al-Sirājīyah",0,a;c;d;t,,,,,,,
"Sajāwandī, Sirāj al-Dīn Muḥammad ibn Muḥammad, active 12th century. Farāʼiḍ al-Sirājīyah",0,a;d;t,http://id.loc.gov/authorities/names/n2008037847,,,,"Farāʼiḍ al-Sirājīyah (Sajāwandī, Sirāj al-Dīn Muḥammad ibn Muḥammad)",http://id.worldcat.org/fast/1781891,Q3011
"Maḥbūbī, ʻUbayd Allāh ibn Masʻūd, -1346 or 1347. Sharḥ al-Wiqāyah",0,a;d;t,http://id.loc.gov/authorities/names/n86108494,,,,"Sharḥ al-Wiqāyah (Maḥbūbī, ʻUbayd Allāh ibn Masʻūd)",http://id.worldcat.org/fast/1371415,Q11276
"Abū al-Jaysh, Muḥammad ibn Ḥusayn, -1228 or 1229. ʻArūḍ al-Andalusī",0,a;d;t,http://id.loc.gov/authorities/names/no2019099731,,,,"ʻArūḍ al-Andalusī (Abū al-Jaysh, Muḥammad ibn Ḥusayn)",http://id.worldcat.org/fast/2058679,Q11185
"Siwāsī, Muṣṭafá ibn Abī Bakr, d. 1824 or 5. Mafātīḥ al-durrīyah fī ithbāt al-qawānīn al-Darīyah",0,a;d;t,,,,,,,
"Marghīnānī, ʻAlī ibn Abī Bakr, -1196 or 1197",0,a;d,http://id.loc.gov/authorities/names/n84145508,,,,"Marghīnānī, ʻAlī ibn Abī Bakr, -1196 or 1197",http://id.worldcat.org/fast/1832883,Q63784
"Kāfī (Kulaynī, Muḥammad ibn Yaʻqūb)",fast,a,,"Kāfī (Kulaynī, Muḥammad ibn Yaʻqūb)",http://id.worldcat.org/fast/1371510,Q48927,,,
"Kulaynī, Muḥammad ibn Yaʻqūb, -941? Kāfī",0,a;d;t,,,,,"Kāfī (Kulaynī, Muḥammad ibn Yaʻqūb)",http://id.worldcat.org/fast/1371510,Q48927
"Ḥusayn ibn ʻAlī, -680--Early works to 1800",0,a;d--v,,,,,"Ḥusayn ibn ʻAlī, -680;Early works",http://id.worldcat.org/fast/1825184;http://id.worldcat.org/fast/1411636,Q42452;Q300
"Ḥusayn ibn ʻAlī, -680",fast,a;d,,,,,"Ḥusayn ibn ʻAlī, -680",http://id.worldcat.org/fast/1825184,Q42452
"Gharāmī ṣaḥīḥ (Ibn Faraḥ, Aḥmad ibn Muḥammad)",fast,a,,"Gharāmī ṣaḥīḥ (Ibn Faraḥ, Aḥmad ibn Muḥammad)",http://id.worldcat.org/fast/2057256,Q11408,,,
"Ibn Faraḥ, Aḥmad ibn Muḥammad, d. 1300. Gharāmī ṣaḥīḥ",0,a;d;t,,"Gharāmī ṣaḥīḥ (Ibn Faraḥ, Aḥmad ibn Muḥammad)",http://id.worldcat.org/fast/2057256,Q11408,,,
"Ibn Ḥajar al-ʻAsqalānī, Aḥmad ibn ʻAlī, 1372-1449. Nuzhat al-naẓar fī tawḍīḥ Nukhbat al-fikar",0,a;d;t,,,,,,,
"Balāṭunusī, Muḥammad ibn ʻAbd Allāh, 1395 or 1396-1459. Mukhtaṣar Minhāj al-ʻābidīn",0,a;d;t,,,,,,,
Jāmiʻ al-ṣaghīr (Suyūṭī),fast,a,,,,,Jāmiʻ al-ṣaghīr (Suyūṭī),http://id.worldcat.org/fast/1366751,Q11414
"Suyūṭī, 1445-1505. Jāmiʿ al-ṣaghīr",0,a;d;t,,Jāmiʻ al-ṣaghīr (Suyūṭī),http://id.worldcat.org/fast/1366751,Q11414,,,
"Ibn Wadʻān, Muḥammad ibn ʻAlī, d. 1101. Arbaʻīn al-Wadʻānīyah",0,a;d;t,,,,,,,
"Nawawī, 1233-1277. Arbaʻūn ḥadīth",0,a;d;t,,,,,,,
"Birgivî Mehmet Efendi, approximately 1522-1573. Arbaʻūn ḥadīth",0,a;d;t,,,,,,,
"Hāmī, Ibrāhīm. Arbaʻūn ḥadīth",0,a;t,,,,,,,
"Maqdisī, ʻAbd Allāh ibn ʻAfīf al-Dīn, d. 1336",0,a;d,,,,,,,
"ʻAqīlah, Muḥammad ibn Aḥmad, d. 1737 or 8. Fawāʼid al-jalīlah fī musalsalāt Ibn ʻAqīlah",0,a;d;t,,,,,,,
"Yazīd I, Caliph, approximately 642-683",0,a;b;c;d,,"Yazīd I, Caliph, approximately 642-683",http://id.worldcat.org/fast/1859333,Q64136,,,
"Yazīd I, Caliph, approximately 642-683",fast,a;b;c;d,,"Yazīd I, Caliph, approximately 642-683",http://id.worldcat.org/fast/1859333,Q64136,,,
"Mīrghanī, ʻAbd Allāh ibn Ibrāhīm, -1792 or 1793. Baḥr al-ʻaqāʼid",0,a;d;t,,,,,,,
"Zarnūjī, Burhān al-Dīn, active 12th century-13th century. Taʻlīm al-mutaʻallim ṭarīq al-taʻallum",0,a;d;t,,,,,"Taʻlīm al-mutaʻallim ṭarīq al-taʻallum (Zarnūjī, Burhān al-Dīn)",http://id.worldcat.org/fast/1378792,Q11585
"Badr al-Rashīd, Muḥammad ibn Ismāʻīl, -1366. Alfāẓ al-kufr",0,a;d;t,,,,,,,
"Ṣadr al-Dīn al-Qūnawī, Muḥammad ibn Isḥāq, -1273 or 1274. Mufṣiḥah",0,a;d;t,,,,,,,
"Ramlī, Aḥmad ibn Aḥmad, -1563 or 1564. Shurūṭ al-maʼmūm wa-al-imām",0,a;d;t,,,,,,,
"Abū Yūsuf Yaʻqūb, 731 or 732-798",0,a;d,,,,,"Abū Yūsuf Yaʻqūb, 731 or 732-798",http://id.worldcat.org/fast/1803269,Q63775
"Shaybānī, Muḥammad ibn al-Ḥasan, approximately 750-804 or 805",0,a;d,,,,,"Shaybānī, Muḥammad ibn al-Ḥasan, approximately 750-804 or 805",http://id.worldcat.org/fast/1847100,Q63776
"Mutanabbī, Abū al-Ṭayyib Aḥmad ibn al-Ḥusayn, 915 or 916-965",0,a;d,,,,,"Mutanabbī, Abū al-Ṭayyib Aḥmad ibn al-Ḥusayn, 915 or 916-965",http://id.worldcat.org/fast/1836609,Q11366
"Abū Yūsuf Yaʻqūb, 731 or 732-798",fast,a;d,(OCoLC)fst01803269,"Abū Yūsuf Yaʻqūb, 731 or 732-798",http://id.worldcat.org/fast/1803269,Q63775,,,
"Mutanabbī, Abū al-Ṭayyib Aḥmad ibn al-Ḥusayn, 915 or 916-965",fast,a;d,(OCoLC)fst01836609,,,,"Mutanabbī, Abū al-Ṭayyib Aḥmad ibn al-Ḥusayn, 915 or 916-965",http://id.worldcat.org/fast/1836609,Q11366
"Shaybānī, Muḥammad ibn al-Ḥasan, approximately 750-804 or 805",fast,a;d,(OCoLC)fst01847100,"Shaybānī, Muḥammad ibn al-Ḥasan, approximately 750-804 or 805",http://id.worldcat.org/fast/1847100,Q63776,,,
"Ibn Ḥabīb, Ṭāhir ibn al-Ḥasan, approximately 1339-1405 or 1406. Mukhtaṣar al-Manār",0,a;d;t,,,,,"Mukhtaṣar al-Manār (Ibn Ḥabīb, Ṭāhir ibn al-Ḥasan)",http://id.worldcat.org/fast/1391683,Q63777
"Nasafī, ʻAbd Allāh ibn Aḥmad, -1310. Manār al-anwār",0,a;d;t,,,,,"Manār al-anwār fī al-uṣūl (Nasafī, ʻAbd Allāh ibn Aḥmad)",http://id.worldcat.org/fast/1383700,Q3573
"Ibn ʻAllān, Muḥammad ʻAlī ibn Muḥammad, 1588-1648. Ḥusn al-ʻibārah fī naẓm al-istiʻārah",0,a;d;t,,,,,,,
"Baṭāʼiḥī, Manṣūr ibn Mūsá, -1293",0,a;d,,,,,,,
"Bālisī, Abū Bakr ibn Qiwām, -1260",0,a;d,,,,,,,
"Shāfiʻī, Muḥammad ibn Idrīs, 767 or 768-820",0,a;d,,,,,"Shāfiʻī, Muḥammad ibn Idrīs, 767 or 768-820",http://id.worldcat.org/fast/1846928,Q26711
"Muḥammad, Prophet, -632--Birth--Early works to 1800",0,a;c;d--x--v,,,,,"Muḥammad, Prophet, -632;Birth of a person;Early works",http://id.worldcat.org/fast/1836298;http://id.worldcat.org/fast/1185270;http://id.worldcat.org/fast/1411636,Q3639;Q11147;Q300
"Sanūsī, Muḥammad ibn Yūsuf, approximately 1427-approximately 1490. Umm al-barāhīn fī ʻilm al-kalām",0,a;d;t,,,,,"Umm al-barāhīn fī ʻilm al-kalām (Sanūsī, Muḥammad ibn Yūsuf)",http://id.worldcat.org/fast/2057998,Q11477
"Ghazzālī, 1058-1111. Iḥyāʼ ʻulūm al-dīn",0,a;d;t,,Iḥyāʼ ʻulūm al-dīn (Ghazzālī),http://id.worldcat.org/fast/1365605,Q64137,,,
"Sibṭ al-Māridīnī, Badr al-Dīn Muḥammad ibn Muḥammad, 1423- Risālah al-fatḥīyah",0,a;d;t,,,,,,,
"Birgivî Mehmet Efendi, approximately 1522-1573. Risālah fī ādāb al-baḥth",0,a;d;t,,,,,,,
"Anṣārī, Zakarīyā ibn Muḥammad, approximately 1423-approximately 1520. Taḥrīr tanqīḥ al-Lubāb fī fiqh al-Imām al-Shāfiʻī",0,a;d;t,,,,,,,
"Maḥallī, Jalāl al-Dīn Muḥammad ibn Aḥmad, 1389-1459. Kanz al-rāghibīn sharḥ Minhāj al-ṭālibīn",0,a;d;t,,,,,,,
"Nawawī, 1233-1277. Minhāj al-ṭālibīn",0,a;d;t,,,,,Minhāj al-ṭālibīn (Nawawī),http://id.worldcat.org/fast/1363943,Q11265
"Ḥallāj, al-Ḥusayn ibn Manṣūr, 858 or 9-922",0,a;d,,"Ḥallāj, al-Ḥusayn ibn Manṣūr, 858 or 859-922",http://id.worldcat.org/fast/1822531,Q64138,,,
Khiḍr (Legendary character)--Early works to 1800,0,a;c--v,,,,,Khiḍr (Legendary character);Early works,http://id.worldcat.org/fast/987173;http://id.worldcat.org/fast/1411636,Q11149;Q300
"Abū Ḥanīfah, -767 or 768. Musnad",0,a;d;t,,Musnad (Abū Ḥanīfah),http://id.worldcat.org/fast/1364274,Q64139,,,
"Sharīf al-Raḍī, Muḥammad ibn al-Ḥusayn, 969 or 970-1016. Nahj al-balāghah",0,a;d;t,,"Nahj al-balāghah (Sharīf al-Raḍī, Muḥammad ibn al-Ḥusayn)",http://id.worldcat.org/fast/1368261,Q48931,,,
"Aḥsāʼī, Aḥmad ibn Zayn al-Dīn, 1753-1826. Fawāʼid",0,a;d;t,,,,,,,
"Fayḍ al-Kāshī, Muḥammad ibn Murtaḍá, 1598 or 1599-1680 or 1681. Risālah fī ʻilm Allāh",0,a;d;t,,,,,,,
"Turkah, Muḥammad ibn Ḥabīb Allāh, active 14th century. Qawāʻid al-tawḥīd",0,a;d;t,,,,,,,
"Jaghmīnī, Maḥmūd ibn Muḥammad, -1221? Mulakhkhaṣ fī al-hayʼah",0,a;d;t,,,,,"Mulakhkhaṣ fī al-hayʼah (Jaghmīnī, Maḥmūd ibn Muḥammad)",http://id.worldcat.org/fast/1380591,Q3015
"Shahīd al-Thānī, Zayn al-Dīn ibn ʻAlī, 1506-1559. Riʻāyah fī ʻilm al-dirāyah",0,a;d;t,,,,,,,
"Abū Dāʼūd Sulaymān ibn al-Ashʻath al-Sijistānī, 817 or 818-889. Sunan.--Abridgment",0,a;d;t--k,,Sunan (Abū Dāʼūd Sulaymān ibn al-Ashʻath al-Sijistānī);Abridgments,http://id.worldcat.org/fast/1368673;http://id.worldcat.org/fast/1726571,Q64127;Q3638,,,
"Nawawī, 1233-1277. Minhāj al-ṭālibīn",0,a;d;t,http://id.loc.gov/authorities/names/n85203221,,,,Minhāj al-ṭālibīn (Nawawī),http://id.worldcat.org/fast/1363943,Q11265
"Muḥammad, Prophet, -632--Biography--History--13th century--Sources",0,a;c;d--v--x--y--v,,"Muḥammad, Prophet, -632;Biographies;History;Thirteenth century;Sources",http://id.worldcat.org/fast/1836298;http://id.worldcat.org/fast/1919896;http://id.worldcat.org/fast/958235;http://id.worldcat.org/fast/1150138;http://id.worldcat.org/fast/1423900,Q3639;Q3051;Q6879;Q245;Q2769,,,
"Kamāl al-Dīn Muḥammad ibn Muḥammad, -1418. Naẓm Nukhbat al-fikar fī muṣṭalaḥ ahl al-athar",0,a;d;t,,,,,,,
"Ibn al-Yāsamīn, ʻAbd Allāh ibn Ḥajjāj, -1204. Yāsamīnīyah",0,a;d;t,,,,,"Yāsamīnīyah (Ibn al-Yāsamīn, ʻAbd Allāh ibn Ḥajjāj)",http://id.worldcat.org/fast/1938262,Q11492
"Ibn al-ʻArabī, 1165-1240",0,a;d,,,,,"Ibn al-ʻArabī, 1165-1240",http://id.worldcat.org/fast/19726,Q12604
"Aḥsāʼī, Ibrāhīm ibn Ḥasan, -1639. Selections",0,a;d;t,,,,,,,
"Ibn al-Mutafanninah, Muḥammad ibn ʻAlī, 1103 or 1104-1181 or 1182. Urjūzah al-Raḥbīyah",0,a;d;t,,,,,"Urjūzah al-Raḥbīyah (Ibn al-Mutafanninah, Muḥammad ibn ʻAlī)",http://id.worldcat.org/fast/1716187,Q11192
"Mālik ibn Anas, -795. Muwaṭṭaʼ",0,a;d;t,http://id.loc.gov/authorities/names/n82131101,Muwaṭṭaʼ (Mālik ibn Anas),http://id.worldcat.org/fast/1359323,Q64123,,,
"Jammāʻīlī, ʻAbd al-Ghanī ibn ʻAbd al-Wāḥid, 1146-1203. ʻUmdat al-aḥkām",0,a;d;t,,"ʻUmdat al-aḥkām (Jammāʻīlī, ʻAbd al-Ghanī ibn ʻAbd al-Wāḥid)",http://id.worldcat.org/fast/1369686,Q64125,,,
"Ṭaḥāwī, Aḥmad ibn Muḥammad, 852?-933. Maʻānī al-āthār",0,a;d;t,,,,,,,
"Suyūṭī, 1445-1505. Jāmiʻ al-ṣaghīr",0,a;d;t,http://id.loc.gov/authorities/names/n79066856,,,,Jāmiʻ al-ṣaghīr (Suyūṭī),http://id.worldcat.org/fast/1366751,Q11414
"Aswānī, ʻUthmān ibn Saʻd Allāh, active 19th century. Risālat al-ikhwān",0,a;d;t,,,,,,,
"David, King of Israel",0,a;c,http://id.loc.gov/authorities/names/n79055293,"David, King of Israel",http://id.worldcat.org/fast/35586,Q64140,,,
"Solomon, King of Israel",0,a;c,http://id.loc.gov/authorities/names/n80024516,,,,"Solomon, King of Israel",http://id.worldcat.org/fast/50906,Q48955
"Muḥammad, Prophet, -632--Prayers and devotions--Early works to 1800",0,a;c;d--v--v,,,,,"Muḥammad, Prophet, -632;Prayers and devotions;Early works",http://id.worldcat.org/fast/1836298;http://id.worldcat.org/fast/1423909;http://id.worldcat.org/fast/1411636,Q3639;Q3052;Q300
"Ḥaṣkafī, Muḥammad ibn ʻAlī, approximately 1616-1677. Durr al-mukhtār",0,a;d;t,,,,,"Durr al-mukhtār (Ḥaṣkafī, Muḥammad ibn ʻAlī)",http://id.worldcat.org/fast/2056672,Q11333
"Khaṭīb al-Tamartāshī, Muḥammad ibn ʻAbd Allāh, 1532 or 1533-1595 or 1596. Tanwīr al-abṣār",0,a;d;t,,,,,"Tanwīr al-abṣār (Khaṭīb al-Tamartāshī, Muḥammad ibn ʻAbd Allāh)",http://id.worldcat.org/fast/2057835,Q11387
"ʻAbd al-Salām bin Mashīsh, 1163?-1225? Ṣalāh al-Mashīshīyah",0,a;d;t,,,,,,,
"Maḥallī, Jalāl al-Dīn Muḥammad ibn Aḥmad, 1389-1459. Badr al-ṭāliʻ fī sharḥ Jamʻ al-jawāmiʻ",0,a;d;t,,"Badr al-ṭāliʻ fī ḥall Jamʻ al-jawāmiʻ (Maḥallī, Jalāl al-Dīn Muḥammad ibn Aḥmad)",http://id.worldcat.org/fast/1911741,Q11582,,,
"Subkī, Tāj al-Dīn ʻAbd al-Wahhāb ibn ʻAlī, approximately 1327-1370. Jamʻ al-jawāmiʻ fī al-uṣūl",0,a;d;t,,,,,"Jamʻ al-jawāmiʻ fī al-uṣūl (Subkī, Tāj al-Dīn ʻAbd al-Wahhāb ibn ʻAlī)",http://id.worldcat.org/fast/1378154,Q11316
"Ḥāfiẓ, active 14th century. Dīvān",0,a;d;t,,,,,Dīvān (Ḥāfiẓ),http://id.worldcat.org/fast/1365498,Q48952
"Muḥammad, Prophet, -632--Early works to 1800",0,a;c;d--v,(uri) http://id.loc.gov/authorities/names/n79130881--(uri) http://viaf.org/viaf/sourceID/LC%7cn79130881,,,,"Muḥammad, Prophet, -632;Early works",http://id.worldcat.org/fast/1836298;http://id.worldcat.org/fast/1411636,Q3639;Q300
"ʻĀmilī, Bahāʾ al-Dīn Muḥammad ibn Ḥusayn, 1547-1621. Tawḍīḥ al-maqāsid",0,a;d;t,,,,,,,
"Ibn Ājurrūm, Muḥammad ibn Muḥammad, 1273 or 1274-1323. Ajurrūmīyah",0,a;d;t,http://id.loc.gov/authorities/names/no2011050004,,,,"Ajurrūmīyah (Ibn Ājurrūm, Muḥammad ibn Muḥammad)",http://id.worldcat.org/fast/1911422,Q11197
"Anṣārī al-Harawī, ʻAbd Allāh ibn Muḥammad, 1006-1089. Manāzil al-sāʾirīn",0,a;d;t,,,,,"Manāzil al-sāʼirīn (Anṣārī al-Harawī, ʻAbd Allāh ibn Muḥammad)",http://id.worldcat.org/fast/1369532,Q20025
"Bayqūnī, Ṭāhā ibn Muḥammad, active 17th century. Manẓūmah al-Bayqūnīyah",0,a;d;t,http://id.loc.gov/authorities/names/no2016042130,"Manẓūmah al-Bayqūnīyah (Bayqūnī, Ṭāhā ibn Muḥammad)",http://id.worldcat.org/fast/2057853,Q64120,,,
"Shamāʼil (Tirmidhī, Muḥammad ibn ʻĪsá)",fast,a,,,,,"Shamāʼil (Tirmidhī, Muḥammad ibn ʻĪsá)",http://id.worldcat.org/fast/1376072,Q11221
"Ibn Mākūlā, ʻAlī ibn Hibat Allāh, 1030-1082. Ikmāl",0,a;d;t,http://id.loc.gov/authorities/names/n89126192,"Ikmāl (Ibn Mākūlā, ʻAlī ibn Hibat Allāh)",http://id.worldcat.org/fast/1380456,Q64141,,,
"Jamʻ bayna al-ṣaḥīḥayn (Ḥumaydī, Muḥammad ibn Fattūḥ)",fast,a,,"Jamʻ bayna al-ṣaḥīḥayn (Ḥumaydī, Muḥammad ibn Fattūḥ)",http://id.worldcat.org/fast/1388795,Q64142,,,
"Ḥumaydī, Muḥammad ibn Fattūḥ, -1095. Jamʻ bayna al-ṣaḥīḥayn",0,a;d;t,,"Jamʻ bayna al-ṣaḥīḥayn (Ḥumaydī, Muḥammad ibn Fattūḥ)",http://id.worldcat.org/fast/1388795,Q64142,,,
Gabriel (Archangel)--Islamic interpretations--Early works to 1800,0,a;c--x--v,,Gabriel (Archangel);Islam;Early works,http://id.worldcat.org/fast/936963;http://id.worldcat.org/fast/979776;http://id.worldcat.org/fast/1411636,Q38658;Q3549;Q300,,,
"Mālik ibn Anas, -795--Early works to 1800",0,a;d--v,,,,,"Mālik ibn Anas, -795;Early works",http://id.worldcat.org/fast/1832510;http://id.worldcat.org/fast/1411636,Q11589;Q300
Zaynab bint ʻAlī ibn Abī Ṭālib--Family--Early works to 1800,0,a--x--v,,Zaynab bint ʻAlī ibn Abī Ṭālib;Families;Early works,http://id.worldcat.org/fast/130768;http://id.worldcat.org/fast/1728849;http://id.worldcat.org/fast/1411636,Q64143;Q5939;Q300,,,
"Anṣārī, Murtaḍá ibn Muḥammad Amīn, 1799 or 1800-1864. Rasāʾil",0,a;d;t,,"Rasāʼil (Anṣārī, Murtaḍá ibn Muḥammad Amīn)",http://id.worldcat.org/fast/1378869,Q64144,,,
"Ibn al-Hāʼim, Aḥmad ibn Muḥammad, -1412. Nuzhat al-nuẓẓār fī ʻilm al-ghubār",0,a;d;t,http://id.loc.gov/authorities/names/n2008049452,,,,"Nuzhat al-nuẓẓār fī ʻilm al-ghubār (Ibn al-Hāʼim, Aḥmad ibn Muḥammad)",http://id.worldcat.org/fast/2059453,Q11558
"Ījī, ʻAḍud al-Dīn ʻAbd al-Raḥmān ibn Aḥmad, -1355. Sharḥ Mukhtaṣar al-Muntahá fī al-uṣūl",0,a;d;t,,,,,,,
"Ibn al-Ḥājib, ʻUthmān ibn ʻUmar, 1175-1249. Mukhtaṣar al-Muntahá al-uṣūlī",0,a;d;t,,"Mukhtaṣar al-Muntahá al-uṣūlī (Ibn al-Ḥājib, ʻUthmān ibn ʻUmar)",http://id.worldcat.org/fast/2057011,Q11494,,,
"ʻAlī al-Riḍā ibn Mūsá, -818 or 819--Hadith",0,a;d--x,,,,,"ʻAlī al-Riḍā ibn Mūsá, -818 or 819;Hadith",http://id.worldcat.org/fast/1804098;http://id.worldcat.org/fast/950112,Q48929;Q3581
"ʻĀmilī, Bahāʾ al-Dīn Muḥammad ibn Ḥusayn, 1547-1621. Khulāṣat al-ḥisāb",0,a;d;t,,,,,"Khulāṣat al-ḥisāb (ʻĀmilī, Bahāʼ al-Dīn Muḥammad ibn Ḥusayn)",http://id.worldcat.org/fast/1378728,Q11510
"Kumayl ibn Ziyād, 633 or 634-701",0,a;d,,"Kumayl ibn Ziyād, 633 or 634-701",http://id.worldcat.org/fast/1829451,Q64145,,,
"ʻAlī ibn Abī Ṭālib, Caliph, approximately 600-661",0,a;c;d,,,,,"ʻAlī ibn Abī Ṭālib, Caliph, approximately 600-661",http://id.worldcat.org/fast/1804105,Q11345
"Kumayl ibn Ziyād, 633 or 634-701",fast,a;d,,"Kumayl ibn Ziyād, 633 or 634-701",http://id.worldcat.org/fast/1829451,Q64145,,,
"Marghīnānī, ʻAlī ibn Abī Bakr, -1196 or 1197. Hidāyah",0,a;d;t,,,,,"Hidāyah (Marghīnānī, ʻAlī ibn Abī Bakr)",http://id.worldcat.org/fast/1370806,Q11539
"Suyūṭī, 1445-1505. Jāmiʻ al-ṣaghīr",0,a;d;t,,,,,Jāmiʻ al-ṣaghīr (Suyūṭī),http://id.worldcat.org/fast/1366751,Q11414
"Ibn Faraḥ, Aḥmad ibn Muḥammad, -1300. Manẓūmah al-Ishbīlīyah",0,a;d;t,,,,,,,
"Anṭākī, Ḥusayn ibn ʻAbd Allāh, -1717 or 1718. Risālah al-Ḥusaynīyah",0,a;d;t,,,,,,,
"ʻAlī ibn Abī Ṭālib, Caliph, approximately 600-661",0,a;c;d,http://id.loc.gov/authorities/names/n50039100,,,,"ʻAlī ibn Abī Ṭālib, Caliph, approximately 600-661",http://id.worldcat.org/fast/1804105,Q11345
"ʻAlī ibn Abī Ṭālib, Caliph, approximately 600-661",fast,a;c;d,(OCoLC)fst01804105,,,,"ʻAlī ibn Abī Ṭālib, Caliph, approximately 600-661",http://id.worldcat.org/fast/1804105,Q11345
Iḥyāʼ ʻulūm al-dīn (Ghazzālī),fast,a,,Iḥyāʼ ʻulūm al-dīn (Ghazzālī),http://id.worldcat.org/fast/1365605,Q64137,,,
"Khaṭīb al-Baghdādī, Abū Bakr Aḥmad ibn ʻAlī, 1002-1071. Asmāʼ al-mubhamah fī al-anbāʼ al-muḥkamah",0,a;d;t,,,,,,,
"Ṣaghānī, al-Ḥasan ibn Muḥammad, 1181-1252. Mashāriq al-anwār al-nabawīyah min ṣiḥāḥ al-akhbār al-Muṣṭafawīyah",0,a;d;t,,,,,,,
"Musnad (Ibn Ḥanbal, Aḥmad ibn Muḥammad)",fast,a,,"Musnad (Ibn Ḥanbal, Aḥmad ibn Muḥammad)",http://id.worldcat.org/fast/1367137,Q64105,,,
"Ibn Ḥanbal, Aḥmad ibn Muḥammad, 780-855. Musnad",0,a;d;t,,"Musnad (Ibn Ḥanbal, Aḥmad ibn Muḥammad)",http://id.worldcat.org/fast/1367137,Q64105,,,
"Ṭāshkubrīʹzādah, Aḥmad ibn Muṣṭafá, 1495-1561. Risālah fī ādāb al-baḥth",0,a;d;t,,,,,,,
"Qazwīnī, ʻAlī ibn ʻUmar, 1203 or 1204-1276 or 1277. Shamsīyah",0,a;d;t,,,,,"Shamsīyah (Qazwīnī, ʻAlī ibn ʻUmar)",http://id.worldcat.org/fast/2058240,Q11481
"Nahj al-balāghah (Sharīf al-Raḍī, Muḥammad ibn al-Ḥusayn)",fast,a,,"Nahj al-balāghah (Sharīf al-Raḍī, Muḥammad ibn al-Ḥusayn)",http://id.worldcat.org/fast/1368261,Q48931,,,
"Sharīf al-Raḍī, Muḥammad ibn al-Ḥusayn, 969 or 70-1016. Nahj al-balāghah",0,a;d;t,,,,,"Nahj al-balāghah (Sharīf al-Raḍī, Muḥammad ibn al-Ḥusayn)",http://id.worldcat.org/fast/1368261,Q48931
Qurʼan. Sūrat Yūsuf--Commentaries,0,a;p--v,,Qurʼan. Sūrat Yūsuf;Commentaries,http://id.worldcat.org/fast/1842941;http://id.worldcat.org/fast/1423723,Q64146;Q2812,,,
"ʻIjlī, Abū Muslim",0,a,,"ʻIjlī, Abū Muslim",http://id.worldcat.org/fast/1517417,Q64147,,,
"Abū Ḥanīfah, -767 or 768",0,a;d,,,,,"Abū Ḥanīfah, -767 or 768",http://id.worldcat.org/fast/1803236,Q11595
"Muḥammad, Prophet, -632--Isrāʼ and Miʻrāj--Early works to 1800",0,a;c;d--x--v,,,,,Isra' and Mi`raj of the Prophet Muhammad;Early works,http://id.worldcat.org/fast/1353433;http://id.worldcat.org/fast/1411636,Q48885;Q300
